reviewId:ID(Review),rating,review_text,review_time
1,5,Fugit sed sunt neque quam consequuntur sed maiores eveniet dicta.,2025-12-22
2,4,Quo beatae amet nobis culpa occaecati aliquam sunt dignissimos maiores molestiae maxime tempore vero aperiam culpa corrupti.,2026-04-26
3,2,Nobis impedit cupiditate sit eos error minima quibusdam adipisci sed itaque maiores.,2026-03-14
4,2,Vitae veritatis delectus officia occaecati at in a vel placeat quaerat sunt harum beatae reiciendis illo consequatur nam minus sapiente.,2025-11-29
5,4,Numquam itaque odio rem voluptatibus in perferendis sunt eligendi dolor rem fugit officiis.,2025-08-05
6,4,Ex maxime reprehenderit laborum ab debitis quasi eos optio omnis error omnis fugiat.,2026-03-11
7,3,Nisi nesciunt vel culpa dolore facilis ab mollitia eaque iste reprehenderit unde animi nostrum officiis ipsum.,2026-02-20
8,1,Ullam eos fugiat consequatur quisquam porro aliquam explicabo praesentium incidunt magnam.,2025-09-16
9,3,Praesentium repellendus ratione quod eius accusamus doloribus id praesentium saepe.,2025-07-04
10,2,Molestias blanditiis soluta necessitatibus voluptatum dolorum fuga vel id corrupti deserunt consectetur incidunt fugit rem nobis numquam minus.,2025-12-14
11,1,Nesciunt consectetur neque necessitatibus laborum tenetur suscipit temporibus consequatur amet ducimus non harum cumque.,2026-05-21
12,4,Natus consectetur fugit id vitae veniam necessitatibus illum deleniti exercitationem nostrum nihil suscipit nobis reprehenderit nihil.,2026-01-03
13,2,Ratione quasi dolorum eum mollitia labore voluptate nam iure libero nostrum fuga quos accusamus commodi ducimus cupiditate minima sint dolorum.,2026-02-26
14,5,Repellat atque dicta minus deleniti quisquam assumenda voluptatibus illo adipisci tempore enim amet voluptatem praesentium ut corporis nulla quia architecto.,2026-03-03
15,4,Qui optio sequi sit quasi natus dolor blanditiis dignissimos repellat libero corrupti odio molestiae.,2026-04-08
16,2,Alias nostrum ipsa eveniet perferendis error quia pariatur possimus error accusamus.,2025-07-13
17,4,Voluptas officiis animi delectus excepturi doloremque necessitatibus laborum incidunt non reiciendis numquam ea temporibus id totam necessitatibus voluptate quod ullam.,2025-07-03
18,4,Officiis similique illo consectetur a labore facilis occaecati a.,2025-10-29
19,4,Illum aut minima nemo voluptatem corrupti quisquam totam odit quo sed ab dolorum vel laudantium blanditiis cum dolorem asperiores deserunt.,2025-09-21
20,4,Et illo accusamus libero libero odit asperiores voluptatibus expedita dolorem assumenda nemo optio vitae corporis ex numquam saepe nisi architecto.,2026-05-21
21,1,Maiores deserunt itaque deleniti quasi repellat sequi est sed enim non quod.,2025-08-23
22,2,Inventore ipsam vero impedit consectetur dolorem voluptates ullam suscipit porro iusto eum quod non ratione occaecati voluptate porro.,2025-11-13
23,1,At possimus vero cumque modi expedita eaque fugit voluptas alias repellendus nam explicabo a expedita.,2025-12-10
24,5,Quas repellat eum saepe ea quaerat nulla pariatur dolorum pariatur.,2026-02-15
25,1,Aliquid laudantium labore amet accusamus doloribus repudiandae accusamus est tempora blanditiis eius accusantium quis nobis ratione.,2025-06-11
26,1,Corrupti aspernatur molestiae perspiciatis nihil hic cum velit quasi dolores fuga reprehenderit mollitia placeat eius voluptas quia optio modi.,2025-07-07
27,2,Corrupti eum non excepturi voluptas fugit porro quae dignissimos.,2026-01-28
28,3,Quam exercitationem impedit dicta ut non iusto ea accusantium tenetur tempore quis.,2025-12-15
29,2,Laborum magni vitae nam voluptatibus aliquam cumque voluptatem quaerat nobis nostrum molestiae quam possimus suscipit eligendi dolore.,2026-04-01
30,4,Dicta sequi corporis harum aut excepturi eius excepturi aliquid cum.,2025-09-08
31,5,Dolores omnis beatae omnis adipisci voluptatibus reiciendis perferendis culpa accusantium dolorem temporibus perspiciatis labore veritatis facilis.,2025-12-18
32,2,Eos quas vero animi minus tempora quo ullam tempora aspernatur quibusdam enim quia reprehenderit.,2026-04-20
33,1,Excepturi doloribus earum soluta laborum harum illum sit debitis eveniet quis fugiat a doloremque accusamus quibusdam asperiores modi accusamus.,2025-12-22
34,3,Laborum nam ipsum dolor harum illo ex repellat hic aliquam id inventore ab aliquid quasi suscipit.,2025-10-02
35,5,Officia inventore saepe numquam nesciunt ab dolor aliquam blanditiis cumque.,2025-07-22
36,5,Odit corporis consequatur non excepturi porro quisquam itaque fuga iusto nisi doloremque beatae.,2025-12-02
37,4,Voluptas aliquam numquam modi aliquam sint iure totam veniam vel optio ducimus.,2025-06-06
38,2,Voluptatem nihil consequatur eum quia vitae eligendi eligendi eveniet maiores commodi accusamus natus quaerat.,2025-11-29
39,4,Harum occaecati minus eligendi saepe eligendi ex voluptatem culpa cumque recusandae fuga commodi nulla amet praesentium fugit doloremque repellat aut.,2025-11-21
40,2,Saepe est in ipsum eos sint culpa in ullam accusamus deserunt reiciendis aperiam magnam ad fugiat.,2026-02-28
41,4,Perspiciatis architecto dolorem quas veritatis incidunt repellat et amet minima nemo fuga.,2026-05-14
42,2,Ducimus asperiores doloribus eveniet ipsam eaque quae voluptas quasi facilis atque repellat.,2026-01-29
43,2,Nesciunt eum itaque nemo quasi quis ut odio minus ipsa quia error quaerat neque inventore harum commodi.,2026-02-04
44,1,Deserunt eum non eaque perferendis itaque molestias ab placeat aliquid delectus doloribus quia.,2025-07-26
45,5,Sed reiciendis at eaque sequi rem aut delectus ad facere laborum dolor sed corporis provident praesentium distinctio placeat.,2026-02-26
46,1,Natus similique enim aliquam sit ullam eum quis repellendus vel tempore itaque.,2025-11-17
47,1,Similique officiis ea ipsa ullam numquam quae dolore modi excepturi consequuntur consequatur placeat accusantium atque porro a incidunt deleniti quis.,2025-11-12
48,3,Maiores eos distinctio error optio non minima suscipit ab perferendis ex eum.,2025-08-23
49,5,Eveniet eaque exercitationem tempore animi unde eum necessitatibus non architecto.,2026-04-29
50,5,Vero commodi a rerum ratione voluptates distinctio culpa quo inventore numquam quod totam laudantium iusto dolor vel impedit quas.,2026-04-29
51,1,Veritatis illo error laboriosam unde ipsam dignissimos facere dolores.,2025-06-23
52,1,Ex et numquam recusandae consequatur enim quas alias labore.,2026-04-29
53,1,Quas consequatur libero accusantium officia ipsa quos facilis cumque iste consequuntur necessitatibus a unde.,2025-10-22
54,4,Accusamus aliquam provident deleniti magni voluptatem odio recusandae velit sunt recusandae veniam.,2025-11-10
55,1,Eligendi ipsum et laborum nesciunt autem unde voluptatem praesentium necessitatibus.,2025-08-16
56,3,Quibusdam saepe provident sapiente nisi aspernatur nisi provident incidunt nihil nulla et et sint nisi reiciendis dignissimos reprehenderit.,2025-09-23
57,2,Eos consectetur quia voluptate ducimus fugit consectetur culpa molestias provident sunt rem asperiores sint aut nulla natus.,2026-02-07
58,1,Dolorem accusamus praesentium delectus ipsum qui voluptates soluta consequuntur deserunt nihil minus totam vel error.,2025-12-20
59,4,Exercitationem quaerat quia possimus aperiam maiores magnam consequuntur vitae dignissimos minima molestias.,2025-06-19
60,1,Animi omnis voluptate enim harum amet possimus voluptates dicta quam nemo fuga esse quibusdam nemo modi sit earum.,2025-06-18
61,5,Quidem eveniet incidunt ipsam earum quod harum sunt molestiae.,2026-01-05
62,5,Sequi similique ipsam dicta rem amet molestiae nemo consequuntur.,2025-07-17
63,2,Fugit consequatur aut eum tempore quasi placeat illo eius libero.,2025-10-21
64,1,Veniam eum quibusdam facere laudantium aut vitae ducimus inventore ab amet minima excepturi ratione impedit minus consequatur placeat.,2025-09-04
65,5,Architecto fugit ducimus autem cupiditate ducimus esse architecto maiores nostrum ut a reiciendis rerum dicta.,2026-03-24
66,3,Totam voluptatum accusantium quod saepe reprehenderit sint quas iste vero illum aliquid numquam repellat eaque totam.,2026-03-26
67,1,Officia aperiam aliquid possimus quasi molestiae quasi dolore voluptatem quod eius architecto eaque neque nesciunt inventore architecto non.,2025-09-11
68,2,Laborum sapiente reprehenderit nemo laborum sapiente excepturi corrupti eaque distinctio harum earum accusamus et aliquam dignissimos quidem fugiat porro error.,2025-07-16
69,2,Voluptate accusamus eum odit veritatis nemo perspiciatis suscipit nesciunt occaecati molestias consequuntur voluptatem a quaerat dolorum corporis sit.,2026-01-09
70,5,Reiciendis voluptas explicabo minus voluptate consequuntur maxime nostrum sit.,2026-02-09
71,3,Deleniti est aliquam atque quia pariatur iusto minus itaque non veritatis beatae est maiores incidunt eaque tenetur.,2025-05-28
72,4,Quam dicta magnam quidem consectetur non ratione maxime id maiores vel autem in doloribus quisquam cumque tempora adipisci.,2025-12-23
73,2,Quam fugiat numquam eius itaque saepe eos maiores atque voluptatem deserunt a illo sapiente distinctio.,2026-05-03
74,5,Fuga voluptatem minus tempora quisquam iusto magnam eos corporis fugit.,2025-09-11
75,2,Reprehenderit natus impedit molestias saepe ut unde doloremque itaque corporis officiis blanditiis numquam veniam ad.,2025-06-05
76,4,Sunt dolorem perspiciatis nemo alias repellat quis incidunt reprehenderit sit quaerat.,2025-12-05
77,2,Odit animi suscipit eligendi iure ipsum eum ea occaecati ipsum libero et nihil aspernatur repellendus sint molestiae placeat sapiente quibusdam iure.,2026-05-22
78,1,Explicabo aperiam laudantium animi neque fuga voluptates quis occaecati cumque.,2025-06-14
79,1,Distinctio ea maiores illum minima similique vero placeat id corrupti nisi perspiciatis debitis vel ratione nobis odio ex at.,2026-03-28
80,5,Aut unde officia molestiae officia sed quos atque quisquam repellendus ad repudiandae ab illo quaerat sed nisi sit aliquid.,2025-06-15
81,4,Consequatur laboriosam corporis mollitia harum non doloremque eius provident optio sed optio non iste aliquid quae aliquid laudantium itaque nostrum.,2026-03-08
82,1,Quos sint voluptatum deleniti explicabo ipsum reiciendis ipsam qui quisquam saepe omnis sunt aut eveniet odio placeat quisquam.,2025-09-04
83,1,Perspiciatis adipisci consectetur atque laboriosam nobis soluta dolore earum reprehenderit ea est voluptatem modi autem asperiores aperiam.,2026-04-02
84,3,Veritatis officiis praesentium quibusdam vel voluptate recusandae sed dicta modi ipsam eveniet quibusdam reprehenderit quod nobis quia nesciunt.,2025-06-28
85,2,Soluta ipsum ipsum amet sunt doloremque voluptate rem occaecati facere maiores ea voluptate nemo eos totam voluptatibus.,2025-10-02
86,3,Quas incidunt error accusantium inventore vel nostrum laboriosam quis magni dignissimos blanditiis neque libero iste totam nobis.,2026-01-08
87,4,Optio doloremque magni vitae quo dignissimos alias natus at nam ullam.,2026-04-28
88,1,Odit voluptatum dolorem cupiditate at sequi qui architecto expedita qui modi nesciunt reiciendis ad.,2026-02-23
89,1,Tenetur error recusandae sed quae harum quas exercitationem odio explicabo eligendi aspernatur occaecati eaque ut ut beatae.,2025-12-26
90,3,Ipsam excepturi veniam tempore asperiores optio illo mollitia officia velit.,2025-06-11
91,3,Dolorem quis saepe pariatur harum suscipit provident ducimus natus possimus.,2025-10-17
92,1,Enim quasi consectetur repellat similique modi enim odio dolores dicta vel repellat incidunt sequi expedita ut adipisci.,2026-04-05
93,1,Fugit reprehenderit blanditiis tempora impedit iste commodi quia voluptatibus impedit veritatis a voluptatum quia totam eius repellat ullam consequatur sed.,2026-05-19
94,2,Consequatur praesentium dolore nostrum molestias asperiores voluptates quam voluptas mollitia tempora.,2025-06-18
95,2,Facere qui atque sint nostrum eveniet odio eius illo earum ad cum doloribus similique aperiam esse hic facere.,2025-12-06
96,3,Consequuntur repellat repellendus beatae fugit laudantium consectetur dolor necessitatibus quos explicabo temporibus fugit nostrum.,2025-10-11
97,5,Explicabo quidem odit laborum ipsa sed ea at non ad unde voluptas ullam molestias a.,2026-01-06
98,1,Quia ex aperiam quam dignissimos vel voluptas quod unde ducimus molestias laboriosam.,2025-11-14
99,3,Modi modi nemo error quidem vero architecto unde eius quasi possimus fugiat.,2026-02-19
100,1,Eos repudiandae corrupti at ea quos itaque maxime nihil et aperiam soluta ab accusamus eum doloribus libero ipsa.,2025-10-30
101,4,Maiores amet minus fugiat amet aut possimus laboriosam doloribus est.,2025-10-02
102,3,Assumenda at aperiam dolorem laboriosam impedit occaecati veniam accusamus reiciendis aspernatur itaque aliquid perferendis occaecati eum error ex iste amet.,2025-11-07
103,4,Officiis a sint reprehenderit omnis doloribus repellat asperiores velit debitis quia accusamus alias delectus amet vero inventore excepturi officia.,2025-10-20
104,2,Tenetur accusantium eveniet rerum cumque qui atque ratione ad illum alias et ducimus qui necessitatibus.,2026-03-27
105,2,Atque similique incidunt dolorum sed maxime consectetur sequi eius.,2025-06-01
106,1,Voluptatibus doloremque voluptate consectetur pariatur aliquid fugiat omnis atque.,2026-03-03
107,1,Quidem sed beatae dignissimos modi distinctio nemo deserunt odit facilis maxime veritatis blanditiis dolor doloribus nisi excepturi similique perspiciatis ex.,2025-10-22
108,5,Esse magnam error rem non incidunt a ea maiores inventore eaque quia quas.,2025-09-18
109,5,Veritatis dolorum quibusdam odio labore temporibus reprehenderit eius nemo odio facere numquam rerum explicabo rerum at porro voluptatum voluptatem illo.,2025-06-10
110,4,Natus architecto laborum tempore vero fuga doloribus odit aperiam totam impedit autem labore voluptatibus dolor.,2026-02-20
111,5,Sed praesentium culpa soluta quod veniam unde hic quaerat pariatur excepturi natus praesentium praesentium illum quis.,2025-11-10
112,3,Mollitia excepturi dolorum enim soluta provident voluptatibus laudantium nihil error excepturi aspernatur odit sint praesentium in deserunt numquam ut.,2025-07-14
113,1,Earum velit enim molestias magnam inventore pariatur ad quos hic modi eos iusto odit nulla.,2025-06-07
114,2,Ratione aspernatur atque similique perferendis magnam aut tempore maiores deserunt iure adipisci ad rem labore fugit iusto cumque rerum.,2025-09-18
115,4,Velit earum nostrum repellendus vero temporibus accusantium tempore harum.,2026-03-27
116,4,Nemo blanditiis voluptatem voluptatem id deserunt quisquam quos ipsam delectus odit saepe quibusdam voluptatibus.,2025-10-10
117,1,Harum praesentium exercitationem illo totam deleniti autem consequuntur ut similique nihil tempore.,2026-04-21
118,3,Dolor reprehenderit ea sed aspernatur pariatur delectus impedit tenetur.,2025-06-22
119,3,Necessitatibus at illum voluptatibus ad placeat mollitia dolor dolore beatae autem harum cumque quos.,2026-05-17
120,5,Adipisci illo quaerat necessitatibus earum nesciunt quis aspernatur dolorem earum earum labore pariatur rerum omnis dignissimos placeat modi aut.,2025-08-01
121,5,Repudiandae molestias porro at aperiam architecto ipsa nobis alias.,2026-01-29
122,3,Tenetur at id voluptate neque quae optio assumenda ad sed omnis ullam tempora.,2025-08-31
123,5,Corrupti natus sunt sequi unde illo molestias alias vitae.,2025-06-05
124,5,Nobis doloribus corporis veritatis quo ducimus tempora vel esse ea culpa animi eum asperiores aperiam laboriosam voluptates atque saepe unde.,2026-04-05
125,4,Dignissimos molestiae animi eum laboriosam sequi sunt ratione blanditiis soluta.,2025-06-19
126,2,Nesciunt est sed accusamus consequatur temporibus pariatur a voluptas maxime.,2025-09-19
127,3,Enim blanditiis saepe itaque odio et tenetur ut asperiores ut.,2025-06-18
128,4,Voluptas labore magni laudantium eos inventore non dolores ratione aspernatur ullam libero nostrum.,2026-03-08
129,5,Omnis fugiat quos voluptatum cumque odit blanditiis eligendi aliquid quae aspernatur.,2025-07-14
130,1,Dolor amet nisi inventore optio harum illo ducimus exercitationem cumque eum quidem libero est asperiores.,2026-05-18
131,2,Odio eligendi quam aperiam provident nesciunt nisi nostrum maxime totam facere.,2025-09-07
132,4,Non magni voluptatem nisi voluptatem adipisci autem voluptatibus praesentium exercitationem iste vel totam dignissimos facilis magnam.,2025-09-12
133,2,Sequi delectus odit assumenda culpa illo quis facere facilis ea soluta.,2026-04-15
134,4,Ad aliquam eos voluptatum ullam beatae dolore voluptates fugiat officia vero similique ea ratione maiores quod aut a.,2025-12-10
135,2,Illum nobis perferendis voluptates rem aut consequatur consequuntur iusto cumque magnam beatae expedita recusandae cum dolorem.,2025-12-05
136,3,Corporis cupiditate culpa accusamus eius eveniet culpa deserunt voluptatum nihil error a at quas mollitia iste rem dolorem suscipit.,2026-04-28
137,5,Provident vel expedita adipisci sequi quo deserunt voluptas velit unde.,2026-01-29
138,5,Quisquam minus consectetur repudiandae recusandae ipsa blanditiis praesentium pariatur vero nam aliquam.,2025-06-28
139,4,Minima adipisci unde accusantium asperiores tempora aut enim sint velit doloribus aspernatur ex quis ratione magni temporibus.,2025-10-29
140,2,Enim nam reiciendis enim sunt consectetur alias assumenda magni nam nostrum ad dolore.,2026-04-13
141,4,Libero totam odit voluptas perferendis dolorem nam quo pariatur atque reprehenderit nulla temporibus ipsam ut.,2025-10-08
142,5,Reprehenderit illo nemo eum ex eum exercitationem laudantium fuga nemo praesentium accusantium quis.,2025-10-06
143,1,Nemo qui rerum nobis inventore odit porro facere corrupti non molestiae accusamus.,2025-09-10
144,4,Quas harum in dolores iste earum ipsam aliquam id corporis.,2025-12-13
145,1,At dolore optio architecto nesciunt mollitia consequuntur dolore accusantium eligendi laboriosam id nostrum odit sed eos.,2025-09-11
146,1,Itaque saepe similique debitis rem repellat minus perferendis dolores consequuntur dolorum distinctio maiores quisquam.,2026-04-01
147,4,Aspernatur quae est quam exercitationem velit id autem modi et eligendi vero unde fugit.,2025-10-24
148,1,Natus fugiat cum cum iste dolores quis dolore corporis recusandae perferendis enim debitis dolore assumenda odit ullam consequuntur.,2025-08-11
149,5,Dolorem eius tenetur consequuntur ipsa delectus sunt nulla at culpa laborum veritatis nobis repudiandae ad assumenda.,2026-05-23
150,1,Molestiae quisquam temporibus facere dolores debitis illo nobis labore voluptatibus a dolore commodi explicabo alias dolor saepe.,2025-07-18
151,5,Culpa aliquid minus vel facere delectus aliquid atque nesciunt autem dolores doloribus fugiat dolorem nobis assumenda aperiam animi accusantium provident.,2025-07-01
152,3,Inventore fugiat delectus excepturi quaerat perspiciatis praesentium aperiam qui explicabo nobis a ipsum voluptatum repellat.,2025-09-05
153,5,Dolorem eligendi quod quas voluptate consequatur doloremque vitae officiis iusto totam.,2026-02-07
154,4,Quisquam eligendi fugiat ipsam enim doloribus accusamus qui nostrum velit explicabo perspiciatis praesentium autem aspernatur iste libero voluptas quae.,2025-11-30
155,3,Animi debitis iusto tempore in commodi quos cum assumenda praesentium eum molestias illum asperiores quam.,2026-04-26
156,2,Culpa doloribus perferendis hic numquam perspiciatis ipsam harum repudiandae odio.,2025-10-03
157,3,Excepturi consequatur dicta laborum molestiae nesciunt asperiores consequuntur reprehenderit maxime eligendi maiores.,2025-08-10
158,5,Dolore libero assumenda sapiente non deserunt aliquam vel doloribus rerum quo doloribus quibusdam natus possimus soluta.,2025-07-20
159,4,Dignissimos ea exercitationem omnis magnam fugit nostrum consectetur laboriosam vitae.,2025-06-21
160,3,Aut omnis dicta placeat impedit necessitatibus sunt exercitationem distinctio minima aliquam atque eius.,2025-10-04
161,1,Repellendus rem cum incidunt eos inventore sint soluta sit.,2026-04-04
162,2,Aperiam corporis delectus eius velit dolore repellat dolorum veniam facilis hic ut harum iusto illum minus.,2026-05-22
163,3,Eos incidunt cum repellendus neque provident rerum accusantium illum consequuntur ab impedit consectetur necessitatibus eveniet modi ex autem.,2025-11-23
164,3,Sint quisquam quibusdam soluta quae debitis velit qui praesentium.,2025-08-16
165,5,Ipsam quod ducimus soluta sint asperiores nemo error sit omnis tempore delectus ratione eos laudantium mollitia sequi vel praesentium quas.,2025-11-13
166,1,Enim exercitationem laudantium necessitatibus similique consequatur blanditiis maxime praesentium.,2026-04-30
167,2,Itaque dignissimos officiis minus atque iste perspiciatis veniam voluptates.,2025-09-13
168,2,Quo deserunt officia sunt possimus unde praesentium earum aperiam ullam laborum.,2025-10-26
169,1,Accusamus deserunt occaecati perferendis sed quos repellat incidunt a architecto consequuntur recusandae corrupti reprehenderit sapiente tempora quam.,2026-01-13
170,5,Eos ullam consectetur repellendus quo sit dignissimos voluptatibus distinctio sed perferendis fugit veniam magni vel porro non libero.,2026-02-12
171,2,Possimus fugit sequi odit ducimus totam tempora soluta nobis ad.,2026-03-23
172,4,Totam eius quaerat amet sint corporis numquam quis atque natus dolor amet officiis suscipit a autem.,2026-02-02
173,4,Eos autem exercitationem tempore quaerat tempora odit molestiae aliquid veritatis quasi neque quidem quasi enim.,2026-02-15
174,3,Aperiam aperiam doloribus expedita harum magni asperiores distinctio ex minima.,2026-03-29
175,4,Earum officia labore itaque explicabo amet aliquam odit aut illo.,2026-04-30
176,5,Fugit ipsum laborum repellendus molestias alias vitae non culpa iure tenetur aut tempore minima nam.,2026-03-21
177,4,Laborum aut atque facilis unde incidunt reiciendis voluptate beatae necessitatibus iusto rerum.,2025-10-01
178,5,Explicabo quasi maxime optio cum aperiam sit quaerat sint ex voluptatem dignissimos deleniti explicabo molestiae nihil in.,2025-09-07
179,2,Provident molestias doloribus veritatis voluptates neque nihil quis cum culpa id consequuntur iusto quod laboriosam nam architecto.,2025-09-10
180,1,Molestiae eaque incidunt molestias non dignissimos repellendus quod ab ratione exercitationem culpa repudiandae debitis quidem.,2025-08-25
181,1,Nihil repellat dolore et odit repellat quae cum commodi maxime velit incidunt voluptas a molestias repellendus velit.,2025-08-13
182,4,Modi natus iusto suscipit sapiente odit quisquam dolore sint.,2025-07-28
183,4,Veniam recusandae iusto ullam veniam blanditiis soluta magnam consequuntur consectetur quasi officiis.,2025-09-05
184,2,Dicta quos aperiam ipsam assumenda asperiores repudiandae quaerat eius deserunt perferendis laborum suscipit vitae expedita omnis.,2025-06-03
185,5,Voluptates atque nulla unde quae incidunt blanditiis neque occaecati autem facilis nostrum expedita id quo illum aliquam.,2026-02-24
186,2,Quam fugiat sequi deserunt quod accusamus nostrum facilis cum reprehenderit eligendi consequuntur perferendis placeat facilis quos numquam vero delectus saepe.,2026-03-31
187,4,Asperiores ea voluptates provident itaque facere eligendi perferendis in quis ex ratione nesciunt assumenda velit alias praesentium aliquam id repudiandae.,2025-06-21
188,5,In adipisci adipisci illo natus quaerat pariatur sapiente tenetur nisi sint.,2025-07-17
189,3,Dolore enim magnam dignissimos laudantium at deleniti eligendi illo necessitatibus repellendus fugit.,2025-09-07
190,4,Unde voluptates harum eligendi rerum repellat ad dignissimos velit veniam possimus repellendus illum facilis quod consequuntur hic ex.,2025-10-21
191,5,Temporibus voluptates libero consectetur a repellat porro quasi omnis accusantium hic amet esse quia ratione eum nihil nam excepturi dignissimos.,2025-06-03
192,2,Libero beatae veritatis dicta animi officia quas voluptates eum in omnis.,2026-01-03
193,4,Fugit quae rerum dicta accusamus tenetur animi alias amet reprehenderit nihil architecto ipsam.,2025-11-29
194,3,Quas repellat est reprehenderit voluptas cupiditate officia veniam excepturi veritatis aperiam.,2025-10-04
195,2,Sunt nobis debitis placeat numquam dolorem unde provident odio impedit at quo hic modi odit maiores repellat consequuntur consequatur.,2026-03-14
196,4,Maxime expedita voluptates quis esse itaque possimus ducimus itaque a expedita quaerat asperiores repudiandae voluptatum alias expedita.,2025-07-19
197,5,Veniam perferendis qui ab nostrum libero dicta ipsum magnam voluptatem atque nesciunt commodi est pariatur non labore illum sint.,2025-12-21
198,5,Quidem aut repellat incidunt porro atque libero id tempore.,2025-12-14
199,5,Molestiae vero illum doloremque molestias temporibus pariatur ad quas id quod odit itaque illo nihil delectus inventore ipsam rerum.,2025-07-04
200,2,Accusamus praesentium deserunt officia assumenda hic repellendus cumque mollitia odit perspiciatis quae voluptas a eos nesciunt repellat natus.,2026-02-10
201,2,Consequatur exercitationem labore iure inventore voluptate saepe fugit ad saepe.,2025-07-08
202,3,Fuga quia ad adipisci asperiores quae vel commodi ipsam tempora quos eveniet mollitia deleniti architecto reprehenderit nihil veniam explicabo.,2025-06-06
203,3,Expedita at minus aspernatur beatae voluptate minima aliquam sit facere aliquam quaerat delectus earum provident debitis.,2025-06-13
204,2,Natus suscipit expedita iure amet doloremque accusantium consequuntur deserunt commodi quasi corrupti odio aperiam magni saepe alias.,2025-05-25
205,2,Cupiditate quidem ad optio nobis corrupti debitis dolorem deleniti non reprehenderit odio accusamus cumque.,2025-09-08
206,5,Accusamus veritatis odit accusantium consequatur ea cupiditate harum quae.,2025-06-02
207,3,Ea rem iste dolores veniam quasi enim ad repellat libero quos.,2025-05-25
208,1,Rem quis esse veniam vero facilis illum quod libero amet.,2025-11-24
209,5,Molestiae laudantium dignissimos officia ducimus fuga ducimus quam eligendi omnis tempore voluptate optio in unde maiores.,2025-09-20
210,5,Magni ratione natus sequi optio unde omnis velit occaecati sequi rerum dolor voluptatem rerum.,2025-08-04
211,4,Et culpa similique repellat labore minima a magni non doloribus quo officiis quo nostrum dolor repudiandae dolorum doloribus.,2025-06-12
212,5,Voluptatum porro sint adipisci ad quam esse reiciendis facere quam nisi minus id cumque reprehenderit amet deserunt.,2025-12-28
213,4,Ullam quidem quis necessitatibus possimus ipsum totam laudantium consequuntur voluptas et odio.,2026-05-17
214,5,Pariatur voluptas a natus adipisci in ex voluptatibus beatae alias consequatur possimus a voluptatibus ad.,2026-03-30
215,1,Vero atque distinctio dolorem aperiam tenetur nisi quo placeat placeat repudiandae quibusdam.,2025-11-09
216,2,Similique quis deleniti reiciendis quam aut consequuntur omnis nemo eius sit illo delectus itaque eaque mollitia saepe fugit delectus pariatur.,2026-04-26
217,1,Porro minima libero minus mollitia perspiciatis expedita exercitationem aspernatur odio inventore.,2026-02-10
218,3,Reiciendis reprehenderit numquam nesciunt eveniet aspernatur pariatur unde exercitationem.,2026-03-02
219,3,Est placeat porro praesentium unde in labore molestiae autem iste dolorum dolorum atque sapiente sapiente.,2025-06-08
220,3,Rerum fugiat incidunt quam sit cumque incidunt sunt cupiditate incidunt maiores minima maiores quos ipsam.,2026-03-10
221,1,Accusamus numquam animi necessitatibus assumenda rerum dolores ratione doloremque nulla excepturi asperiores.,2025-06-04
222,3,Velit est adipisci ex nulla nihil consequuntur reprehenderit totam provident in dolorem rem veniam veritatis dolor quos repudiandae.,2026-02-08
223,5,Ullam minus aliquam magnam sed at eos corrupti corporis non doloribus error aliquid perspiciatis mollitia quos dolores doloribus consequatur.,2026-05-07
224,3,Quisquam ipsam iure non aperiam quaerat eos ad eligendi ea tempora maxime provident officia dolorum.,2025-10-04
225,1,Fuga totam assumenda alias officiis culpa voluptatem laborum blanditiis odit eum illum placeat beatae perferendis iusto consectetur temporibus vero repellat.,2025-07-12
226,5,Distinctio cum beatae incidunt placeat assumenda amet magnam dolorem nulla culpa nisi doloribus necessitatibus asperiores eum dolor.,2026-01-29
227,5,Ipsa laborum quo facere natus placeat laborum ipsam eos sed qui saepe aspernatur sint animi earum amet.,2025-11-05
228,2,Ab quod fugiat rem doloribus laudantium nostrum suscipit quia est expedita animi.,2025-09-04
229,3,Et id quis aliquid officiis aliquid ab quos ratione earum placeat itaque expedita numquam modi quam dolores incidunt magnam aliquid.,2025-06-03
230,1,Rerum pariatur ipsum asperiores sit et doloribus eligendi animi molestias cum a doloremque.,2025-11-09
231,4,Cumque recusandae cupiditate quo qui placeat asperiores quibusdam harum commodi quod illum impedit ab modi perspiciatis perspiciatis officiis praesentium.,2025-10-22
232,3,Qui nobis iure magni provident officia incidunt delectus aliquam explicabo aspernatur praesentium aut.,2025-08-14
233,1,Vitae totam itaque inventore eaque facilis recusandae recusandae perferendis.,2026-05-17
234,3,Eum debitis itaque minus aspernatur beatae quos quidem numquam reiciendis esse ea facilis non consequuntur hic excepturi reprehenderit nobis iste.,2026-02-09
235,5,Aspernatur ipsa quasi repellat porro perferendis magnam quibusdam sed dolores explicabo autem quia quisquam fugit quod molestiae velit.,2025-10-09
236,2,Facilis dignissimos atque molestias sequi labore enim voluptatibus cumque consequuntur porro unde quis enim fugit architecto.,2025-07-03
237,3,Ratione suscipit debitis incidunt quas a veritatis beatae rem impedit atque error numquam aut.,2025-07-26
238,5,Eos dolorem nobis voluptatibus qui dignissimos unde ea ad dolorum et molestiae.,2025-07-19
239,2,Harum magni laboriosam accusantium fugiat nam vero a eius dolore placeat ullam dolorem quas porro aspernatur exercitationem voluptate quia.,2026-02-13
240,3,Quod provident veniam beatae officia laboriosam animi ex dolore aperiam tenetur.,2025-10-06
241,2,Fugiat vel corporis atque molestiae cupiditate maiores eligendi commodi.,2025-06-08
242,1,Accusantium modi ipsum nesciunt voluptates id amet repudiandae ex ipsum nostrum ratione.,2026-02-17
243,2,Omnis rerum labore eligendi nostrum numquam animi cum sit autem commodi eius sequi ratione voluptates explicabo qui mollitia.,2025-09-02
244,1,Optio voluptatum tempora ab aspernatur distinctio reiciendis sequi sint et similique atque illum repudiandae cumque itaque veritatis rerum ipsum.,2025-11-11
245,1,Quia quidem aut nisi non dolor totam magni at saepe distinctio sequi.,2025-10-16
246,3,Officia suscipit amet minus veniam possimus beatae dignissimos reprehenderit libero incidunt laudantium deleniti placeat cupiditate harum rem porro in blanditiis.,2025-08-12
247,3,Asperiores nostrum minima eaque alias sed est nobis animi labore cum facere eos.,2026-03-18
248,2,Quod magnam exercitationem in voluptas sint perspiciatis totam molestias rerum corrupti sed voluptatum dolor odio corporis eum vero.,2025-07-28
249,3,Autem repellat architecto nobis qui eum sunt architecto qui voluptatem veniam ducimus laudantium in debitis.,2026-05-21
250,3,Reprehenderit voluptatibus provident illo alias possimus hic nemo ea ducimus.,2025-09-27
251,2,Quam mollitia et atque harum quod nobis ab quo iusto id optio.,2026-05-03
252,2,Quod numquam officiis inventore optio facere ratione modi consequatur eius quas natus quibusdam non debitis.,2025-12-09
253,5,Itaque odio tempora eveniet veniam unde in magni architecto dignissimos.,2026-04-27
254,5,Iusto vel iste laboriosam consequatur laboriosam dolorem eos accusamus ullam esse officiis officia quasi veniam atque nulla sunt saepe dolorem.,2025-06-19
255,3,Illum totam delectus doloremque est temporibus atque molestias officiis est.,2025-09-14
256,5,Cumque quis mollitia sequi culpa voluptates adipisci possimus doloribus saepe facilis possimus esse illum.,2025-08-15
257,3,Blanditiis quasi incidunt aperiam excepturi voluptatibus ab rem eligendi est.,2026-04-16
258,3,Deserunt molestiae provident tempore iusto eum rerum consequatur saepe voluptatibus placeat numquam magni repudiandae harum.,2025-08-27
259,2,Pariatur reprehenderit architecto officia et eum eaque quibusdam nisi cupiditate.,2026-02-18
260,5,Doloribus fugit fugit nesciunt vel incidunt cupiditate cumque expedita doloremque fugit necessitatibus.,2026-04-19
261,5,Rerum numquam molestiae quidem non accusamus numquam dolorem recusandae consectetur.,2026-03-03
262,4,Similique eos fugiat perferendis maiores deleniti illum dicta error maxime non veritatis ducimus labore aut vero minima ipsa nostrum quasi magni.,2025-08-18
263,5,Repellat cupiditate dolorum natus fugit nulla consequatur ex accusantium eaque excepturi rerum neque expedita voluptate.,2025-10-29
264,1,Odio vel rem voluptates non sunt ullam sapiente sint dolorum incidunt temporibus sit in eveniet eum atque similique illo.,2025-11-26
265,2,Ea commodi molestias dicta alias nihil nihil earum mollitia.,2026-02-03
266,3,Distinctio eius eligendi quas officia pariatur maiores inventore ipsum molestiae neque itaque illum autem praesentium sequi ad.,2025-12-05
267,3,Nesciunt assumenda ea ipsam aspernatur ad quis reiciendis ea veritatis quaerat veniam aut hic repudiandae in quas.,2025-12-24
268,2,Officiis asperiores quas in accusantium atque laudantium eos natus.,2025-07-11
269,5,Dignissimos possimus voluptas facilis suscipit voluptatem nemo eveniet sunt voluptatibus eius quis.,2025-09-22
270,5,Officia quos illum provident ratione dolorem exercitationem aliquid repudiandae.,2025-06-25
271,1,Temporibus recusandae ipsa iusto praesentium nesciunt tempore reiciendis commodi vero sapiente ex voluptatem.,2026-03-26
272,3,Molestiae sit voluptatum incidunt cupiditate fugiat rerum maiores ratione occaecati quis dolorum officia.,2025-10-07
273,2,Doloribus quibusdam similique sit perferendis deserunt maiores dolore quam assumenda quo sed consequuntur molestias fugiat ex vitae nostrum dignissimos.,2025-06-29
274,5,Odit magnam fuga temporibus temporibus laudantium expedita fugiat labore tempora harum impedit amet deserunt.,2025-07-09
275,2,Dolor esse eligendi occaecati ducimus magni nisi quia quaerat doloremque modi perferendis corrupti dolore ipsam in labore.,2026-05-03
276,3,Ipsum dolore commodi ipsum eius facere iure incidunt perferendis.,2025-11-09
277,1,Harum velit ipsam est aliquam nostrum tenetur totam non repellendus eaque.,2025-11-07
278,3,Vitae similique nostrum placeat officiis velit saepe quae consequuntur explicabo deleniti quibusdam ratione soluta sit vitae quos labore.,2025-08-20
279,3,In labore ad sit ad sint in explicabo est ipsum dicta at et iusto dignissimos quod animi.,2026-05-11
280,5,Animi adipisci quaerat necessitatibus eius alias illum id quas corrupti quia quam exercitationem minima vero ex omnis facilis exercitationem debitis.,2025-11-13
281,5,Sint consectetur illum voluptates occaecati totam perferendis accusamus vero ea adipisci voluptatum.,2025-09-05
282,4,Architecto quasi repellendus nesciunt quidem facere in aspernatur porro nisi.,2025-09-16
283,1,Nihil id et aspernatur molestias placeat et dolor vitae ratione eius incidunt est esse ipsum unde magni quisquam illum.,2025-12-23
284,2,Pariatur eligendi iure nesciunt id officiis quos fugit suscipit provident accusamus fuga consequatur illo voluptate nesciunt accusantium odit.,2025-12-10
285,5,Eius cum doloremque doloremque quas nemo delectus in enim accusantium.,2026-04-11
286,1,Saepe perspiciatis numquam in totam architecto amet architecto soluta minus fugiat est esse sint.,2026-02-27
287,5,Mollitia saepe ducimus quasi magnam cumque iste sint repudiandae a eveniet ea aut.,2025-08-23
288,1,Totam dolorem magnam officia saepe voluptatibus modi quibusdam praesentium similique impedit unde.,2025-07-07
289,1,Laboriosam atque at dignissimos facilis magnam deleniti consequuntur maiores deserunt tempore voluptas quo modi aspernatur distinctio numquam minima.,2026-02-05
290,2,Facilis cumque blanditiis mollitia eveniet soluta rem animi neque esse suscipit recusandae asperiores cupiditate voluptatum voluptatem ex rem saepe.,2025-06-07
291,4,Fugiat exercitationem nulla dolor dignissimos sequi nesciunt est quis nemo molestias.,2026-03-31
292,2,Quasi voluptatibus vero aperiam ducimus harum ea provident voluptatem.,2025-08-21
293,4,Est culpa porro soluta nemo quia doloribus quis amet nesciunt unde cupiditate.,2025-06-26
294,1,Et iusto deserunt at assumenda quam at dolorum ex odit facere sed veritatis eum aliquam animi esse ab.,2025-06-06
295,2,Minus perferendis aut aliquid voluptatum qui facere molestias optio est itaque qui provident dolores reiciendis eveniet suscipit.,2026-05-11
296,4,Quos quia delectus nihil consequuntur vel similique nisi exercitationem animi esse.,2025-12-05
297,1,Vel totam rem ad voluptas ullam quibusdam voluptatem fugit nulla.,2026-04-09
298,1,Animi quidem saepe praesentium minima consequatur optio consequatur qui.,2026-04-26
299,2,Modi impedit magnam commodi porro odio libero unde illo officiis fugit nulla quod veritatis adipisci deserunt.,2026-01-15
300,5,Libero reiciendis provident quia accusamus necessitatibus consequuntur reiciendis odio vel odio laudantium quis mollitia.,2026-04-17
301,5,Aliquid dicta corporis aliquid officia iure sapiente nam nulla quasi ducimus deleniti iure commodi nostrum at ex.,2026-01-27
302,3,Ex voluptatum sunt rem ad ut totam veniam id.,2025-10-27
303,4,Aliquam mollitia cupiditate vel delectus accusamus quos sed suscipit ea veritatis id voluptatem vitae aliquam neque.,2025-10-05
304,4,Sit odio voluptas nesciunt ex hic porro dignissimos atque harum occaecati explicabo rem.,2025-10-14
305,3,Maiores laudantium magni magni quas fugit incidunt voluptatem voluptate numquam dolores dignissimos omnis.,2026-05-15
306,4,Impedit consectetur unde sapiente ad at atque quas deserunt.,2025-06-13
307,1,Ab eius rerum eius quidem temporibus aspernatur neque accusamus magni dignissimos commodi quam ducimus voluptatum nesciunt.,2025-08-23
308,1,Quas nam veritatis necessitatibus est nihil quidem ea repellat quasi vero doloremque ipsam natus nihil.,2025-06-29
309,5,Vero illum dolor animi natus quas commodi quas laudantium repellat.,2026-04-21
310,5,Sint quis illo occaecati quibusdam impedit reiciendis fugit optio nihil cumque quo vel.,2026-04-30
311,1,Optio sit culpa temporibus quaerat tempore quis beatae dolor doloribus distinctio ipsa magni exercitationem modi error velit in tenetur.,2025-11-21
312,5,Magnam nostrum id eum mollitia laboriosam eaque eligendi eveniet nemo ex aspernatur facere dicta vel eum exercitationem ratione.,2026-03-30
313,3,Nobis culpa magnam numquam earum provident vitae assumenda placeat provident enim minima placeat voluptatem culpa.,2025-06-06
314,3,Eum blanditiis quibusdam blanditiis nulla laudantium ducimus dolore nostrum explicabo et quisquam quod ipsa suscipit nostrum ipsam.,2025-07-17
315,1,Incidunt vel ab repellat natus dignissimos qui repellendus aperiam beatae quos saepe assumenda qui nemo officiis culpa ullam corporis minima.,2025-12-30
316,4,Recusandae dolor quo nobis laboriosam illum aliquid occaecati quisquam ipsa possimus veritatis rem soluta voluptas earum recusandae deserunt error.,2025-11-09
317,4,Asperiores sequi sit ipsa doloribus recusandae minima id quia.,2025-06-19
318,1,Unde eveniet earum sunt exercitationem nesciunt tempora aliquam tempora laborum.,2025-09-23
319,2,Ut repudiandae illo praesentium libero aliquid ex dignissimos unde sequi error nemo autem porro.,2025-08-23
320,2,Reprehenderit expedita ipsam occaecati placeat rem facilis aliquam voluptatem sunt veniam voluptas quam sed officiis omnis nam similique perferendis.,2026-03-15
321,4,Excepturi eum consequuntur totam harum impedit dolor non id odit eaque quibusdam a natus quod ad laboriosam.,2025-08-17
322,3,Aspernatur quos natus necessitatibus aut magnam itaque fugiat architecto nemo porro error recusandae nobis cumque.,2025-07-03
323,2,Perferendis inventore eius molestiae maxime perferendis doloribus quos excepturi necessitatibus earum ipsam.,2025-12-22
324,3,Fugit eum tempore laboriosam facere esse nostrum officiis provident odit esse voluptates inventore iusto laudantium.,2026-05-18
325,5,Similique reiciendis cupiditate consequuntur a neque quisquam similique amet illo veniam dolores sint exercitationem facere.,2025-08-12
326,2,Iure voluptatibus optio autem veniam officia iure similique quisquam nostrum ea optio repellendus omnis possimus laborum cupiditate.,2026-03-21
327,1,Iusto magnam illo aut exercitationem officia quasi laborum atque modi soluta fugiat distinctio pariatur corrupti.,2026-05-21
328,5,Modi vitae expedita accusantium quod quibusdam ratione saepe laborum nisi rerum.,2025-07-22
329,4,Unde atque illum aliquid ratione tenetur quo ea odit quod illum dolores qui omnis vitae.,2025-08-21
330,5,Ipsam error iure dolorum rem voluptatum ipsam quaerat ducimus voluptatem pariatur laudantium repellat reprehenderit.,2026-04-10
331,3,Voluptate commodi expedita eum excepturi aliquam quae libero eligendi quae illo commodi ad.,2026-02-05
332,3,Repudiandae aut aspernatur expedita perspiciatis omnis aliquam autem quibusdam velit itaque ratione earum alias molestiae praesentium debitis minus et atque.,2026-02-04
333,4,Autem reiciendis neque quos optio quo unde incidunt illo dolorum voluptatum.,2025-06-27
334,5,Laborum dolores sunt recusandae praesentium nisi aliquid animi consectetur modi dolor quod voluptas dolorem exercitationem autem deserunt.,2026-03-12
335,2,Asperiores deleniti nobis tenetur est laudantium est nostrum inventore.,2026-02-18
336,2,Et quae quas impedit quisquam sunt veritatis eaque vitae deserunt quisquam voluptate pariatur.,2025-07-12
337,3,Totam perferendis dolorem facilis occaecati sapiente natus corrupti repudiandae.,2026-02-13
338,1,Cupiditate sed delectus voluptatibus impedit tempore iusto nihil eaque quod architecto suscipit sint minima inventore nesciunt at commodi.,2026-02-20
339,5,Vero reiciendis cumque eaque omnis eum culpa fugiat unde nesciunt ratione.,2026-04-26
340,5,Necessitatibus voluptatem sapiente repellat sint hic quidem et vitae occaecati earum totam praesentium debitis placeat et enim asperiores maxime.,2025-09-29
341,5,Pariatur quisquam possimus assumenda fugit ipsum maiores accusantium excepturi animi mollitia officia molestiae porro dolor saepe quam maiores quos.,2026-04-16
342,3,Quod eius libero aspernatur fugit consequatur adipisci asperiores optio doloribus doloribus eaque animi atque delectus cumque dignissimos harum deserunt.,2025-06-14
343,1,Laboriosam quod ullam iusto laboriosam quasi ab in pariatur ipsa voluptas dolores iure corporis nobis a in laboriosam.,2026-01-15
344,1,Odio delectus atque corporis eligendi minima maiores natus omnis aut.,2026-02-11
345,5,Repellendus dolore dolorem repudiandae cum sapiente omnis recusandae ducimus inventore error nihil assumenda alias quaerat placeat.,2025-09-16
346,3,Non accusantium quos dolorum reiciendis alias natus quae laborum accusamus error excepturi optio.,2025-11-22
347,2,Provident nisi placeat commodi architecto sint nam aut id molestias neque.,2025-06-14
348,2,Veritatis iure cupiditate vero ullam architecto dolorum temporibus quas quos exercitationem cupiditate recusandae consequuntur beatae necessitatibus ut.,2026-04-02
349,3,Mollitia magni facilis eius ab sint unde doloremque quo.,2025-07-10
350,1,Molestias quidem repudiandae deleniti saepe odit a facere dolores rem sed laboriosam excepturi ducimus nemo quo.,2026-02-13
351,3,Commodi soluta quasi esse tenetur quisquam corrupti molestiae deleniti necessitatibus facilis veritatis nesciunt laboriosam neque.,2025-09-17
352,4,Excepturi quis nobis aut ut aspernatur laborum ad adipisci illum iste animi nemo.,2025-12-06
353,5,Consectetur tenetur praesentium a at hic molestiae doloremque odio nam.,2025-06-20
354,3,Distinctio ipsum nam beatae nam quisquam illo iure pariatur similique ab eius est velit omnis.,2025-06-02
355,5,Reiciendis iste odio sapiente sapiente odit iusto dolores dolorem debitis neque in repudiandae quas ex quidem libero voluptatem voluptatum excepturi.,2026-03-06
356,5,Error eligendi modi aliquam esse sit ipsa reiciendis sapiente.,2025-08-06
357,3,At exercitationem accusantium exercitationem enim laborum iste quod nesciunt vel repellendus quaerat error labore rerum autem amet veritatis nemo.,2025-12-13
358,4,Esse ipsum enim quia in itaque maiores ratione corrupti harum nemo eos excepturi velit perspiciatis quidem.,2026-02-26
359,1,Ab magni vero fugit similique qui accusamus inventore quam quas delectus sint officiis sint architecto maxime ut quos labore numquam.,2025-12-14
360,2,Sunt tempora ipsa fugiat aliquam omnis necessitatibus tempora illo fugiat libero nihil sunt repellat ullam architecto quos.,2026-01-30
361,4,Veniam quis voluptates commodi mollitia in deleniti recusandae illum vitae.,2026-01-02
362,3,Enim cum deserunt velit doloribus ratione dolor nihil dolorem eius ad illo.,2026-03-16
363,3,Rerum veritatis fugiat voluptates ea dolorem totam id exercitationem.,2025-09-20
364,4,Deleniti ipsa sunt eum consequuntur esse consequatur exercitationem laboriosam rerum alias.,2025-10-07
365,3,Similique eaque minus repudiandae excepturi minus quod excepturi autem vitae occaecati quisquam maxime ab cumque expedita.,2025-12-18
366,4,Temporibus minus ab dolorum ipsam quis esse consequatur ex adipisci nam voluptas incidunt minus.,2025-08-14
367,1,Molestias ad debitis dolorem nihil consectetur commodi suscipit totam alias tempore numquam quaerat eveniet illo impedit distinctio.,2026-02-23
368,5,Quod optio molestiae iusto minima laborum ullam maxime dicta reiciendis asperiores reiciendis rem necessitatibus reiciendis cupiditate repellendus labore pariatur hic.,2026-04-12
369,3,Beatae ab deserunt delectus nam ab a eveniet praesentium debitis laborum excepturi aspernatur vel.,2026-03-13
370,5,Perspiciatis quas omnis a quam laudantium error veniam architecto eius libero.,2026-02-12
371,3,Omnis possimus animi suscipit illo consectetur iure officiis accusantium atque cupiditate.,2025-07-07
372,1,Ipsum eius repudiandae dolorem quam animi modi quisquam eos molestiae vel deleniti accusamus voluptas magni laudantium temporibus porro dolor.,2026-04-15
373,1,Provident ab aliquid at ea ipsum nisi dolorem illo asperiores qui minus magnam aut odio ab facilis quam natus.,2025-09-06
374,1,Non sed laboriosam consequatur nulla expedita nemo aliquid sed culpa quam explicabo dolores provident voluptas ipsum a eaque.,2025-07-30
375,5,Quidem nesciunt magni nihil aut modi vel tenetur totam repellat aspernatur sapiente.,2025-10-28
376,5,Officia assumenda nobis voluptate temporibus iure rerum itaque possimus beatae recusandae est delectus natus iusto dolores illum harum exercitationem aspernatur.,2026-02-04
377,1,Dolores architecto error nemo voluptate recusandae iusto ipsum quis officia provident itaque cupiditate quibusdam error odio deserunt sunt similique.,2025-08-14
378,3,Tempore maxime cum voluptate fugiat labore excepturi illo quae esse tempora sint officia rerum nostrum necessitatibus quis dolorem unde officia.,2025-08-18
379,5,Commodi iusto sint vero occaecati quam necessitatibus ab aperiam praesentium laboriosam labore consectetur soluta.,2025-09-24
380,2,Fugit quod possimus consequuntur facilis nisi ullam dolore quos doloremque nisi assumenda vero ullam occaecati animi.,2025-11-17
381,4,Perspiciatis corporis dolores velit beatae itaque reprehenderit id tenetur ea.,2026-01-29
382,5,In voluptas accusamus accusamus aperiam eaque ullam reiciendis dolor ex minus qui ipsum esse culpa.,2025-12-26
383,2,Odit rerum vitae officia eum impedit impedit possimus ratione reiciendis assumenda explicabo sint accusantium cumque inventore totam qui iure.,2025-09-28
384,5,Illo ab quaerat corporis natus nemo praesentium odio inventore sapiente illo sint officia.,2025-09-04
385,1,Corporis magnam dolorum qui eveniet ea vel quaerat eligendi odit commodi nulla nisi quam.,2025-11-01
386,3,Quasi ipsam facilis sint veniam dolore deserunt veritatis placeat id.,2025-09-08
387,1,Eius sequi qui perferendis sint ratione porro cupiditate iusto.,2025-06-18
388,2,Ex dicta repudiandae repudiandae atque dolore accusantium laboriosam eius dolorum tempore perspiciatis amet.,2025-07-13
389,2,Incidunt aut debitis eos labore ducimus odio molestiae deleniti reprehenderit culpa dolores expedita.,2025-09-02
390,2,Totam id commodi reprehenderit eveniet reprehenderit laborum at veniam eveniet similique amet nesciunt vitae odio.,2025-10-07
391,2,Earum corrupti officia porro error exercitationem esse aspernatur nulla.,2026-02-21
392,5,Repellat sequi consectetur doloremque reiciendis alias laborum maxime nesciunt sapiente reprehenderit quasi suscipit temporibus expedita quia.,2025-08-07
393,2,Nostrum ducimus quis architecto quae iusto ex libero quidem facere veniam tempora hic reiciendis.,2025-09-18
394,3,Vero occaecati consectetur eius doloribus saepe inventore quia consequatur sequi perferendis sit.,2026-05-03
395,2,Tempora quaerat dolores consectetur soluta a ipsa asperiores aliquam corrupti et natus harum repellat pariatur.,2025-09-16
396,2,Nisi itaque aspernatur deleniti dolor vitae ad ut aliquam quisquam alias aliquid totam quisquam in atque.,2026-04-21
397,3,Quasi nobis laborum maiores magnam atque nisi alias reiciendis.,2025-11-15
398,2,Omnis harum doloribus minima illum magni provident quasi at repellendus explicabo in nisi voluptatibus occaecati optio.,2026-05-02
399,2,Ex id nam quis fugit debitis alias laboriosam culpa laborum reprehenderit quam voluptatem beatae pariatur sint.,2025-08-31
400,3,Culpa deserunt distinctio in accusantium maiores quas quae adipisci modi amet id ipsam sunt quis nesciunt voluptates.,2025-11-06
401,4,Aut ducimus voluptate non dignissimos itaque aspernatur harum ea alias ipsa minima quam ipsum architecto natus.,2025-10-03
402,1,Tempora assumenda esse inventore expedita non facilis illo voluptatum dolorum quibusdam magnam totam omnis distinctio ut accusamus adipisci.,2026-05-03
403,3,Minus vero incidunt quis distinctio quo provident laboriosam doloribus perspiciatis aut libero nam autem quos.,2026-04-01
404,5,Autem eligendi laboriosam corrupti sequi corporis optio consequuntur fugiat repellendus excepturi ad animi exercitationem nihil adipisci.,2025-07-03
405,3,Pariatur nesciunt mollitia dignissimos sed illo itaque maxime laboriosam.,2026-01-09
406,5,Fugiat hic accusamus reiciendis quo dolorum dolor perferendis adipisci neque enim est nostrum nulla.,2025-08-18
407,5,Voluptates laudantium voluptate eius ipsa necessitatibus vitae impedit voluptatibus impedit harum maiores libero.,2026-02-23
408,4,Facere maxime reiciendis culpa excepturi iste eveniet illo a consectetur alias dolore.,2025-06-23
409,4,Aliquam fugit iusto sequi voluptate aut facere omnis maxime qui repudiandae aut maxime occaecati.,2025-11-17
410,5,Sunt accusamus architecto illo aliquam molestiae beatae debitis neque laborum mollitia quo laborum nostrum nesciunt fugit deserunt assumenda.,2025-06-23
411,1,Labore nostrum repudiandae repellat sequi eligendi esse accusamus cum voluptate possimus.,2025-09-01
412,3,Dolorum molestias hic quam doloribus itaque iure error aliquam velit saepe.,2025-11-12
413,2,Totam adipisci corrupti perspiciatis occaecati repellat ullam ratione nobis dolorum nemo.,2025-09-01
414,4,Fugit ad iste quos at magnam rerum commodi aut.,2025-11-24
415,3,Rem nulla quasi sed fugiat omnis nobis suscipit quas illum mollitia quod enim voluptas dolore aspernatur at quidem maiores beatae.,2025-09-16
416,4,Odio est veniam exercitationem assumenda provident culpa odio ipsam nesciunt a est aliquam facere a quia recusandae rem temporibus.,2025-07-18
417,1,Aut optio magnam minima architecto dicta ea rem quis harum et commodi quisquam itaque optio iusto eaque.,2025-09-09
418,2,Iste eaque dolore similique vel eaque nulla neque ullam.,2025-10-10
419,2,Ipsum nobis dolorem non provident hic voluptas nostrum at repellendus illo error a harum dolore incidunt repellat expedita velit.,2026-01-26
420,1,Aliquid laborum veniam dolores placeat alias ad modi illo ex illum atque eum id harum enim aperiam ipsam veritatis.,2025-09-02
421,3,Iure error natus quod odio repellendus nihil magni maxime iusto tempore doloribus repellat ad amet tempora.,2026-02-04
422,2,A asperiores laborum veritatis similique officiis et tenetur nisi repellat repellendus vel ipsam aut ut asperiores autem.,2026-02-17
423,2,Rerum voluptatibus eius ad ullam eaque eos velit repellat ex nihil ipsum dolorem doloremque optio esse natus.,2025-11-19
424,5,Voluptates unde fugiat cum necessitatibus autem quod ad distinctio doloremque doloribus a vel animi nulla reiciendis.,2026-03-24
425,2,Debitis occaecati voluptatem dolor harum beatae qui labore rerum doloremque voluptatibus dolor necessitatibus esse incidunt totam earum libero quam ut.,2025-10-23
426,3,Recusandae repellat reprehenderit sapiente fugiat eveniet optio saepe corrupti laboriosam repellat mollitia.,2026-03-26
427,4,Ea aspernatur unde dolores nemo ratione tempora laboriosam non ipsam.,2025-06-12
428,4,Inventore facilis nam aut sit repudiandae iure commodi sunt.,2025-09-20
429,2,Harum excepturi hic repellat nam deleniti soluta quibusdam hic id reprehenderit.,2025-07-25
430,2,Possimus ipsum aut eos voluptate officia facere a soluta nobis dolores optio labore saepe aut molestiae hic veritatis nesciunt.,2025-06-26
431,4,Facere commodi rerum officiis eveniet numquam cupiditate voluptates ab pariatur quos.,2026-05-12
432,2,Pariatur quibusdam assumenda eveniet asperiores architecto nesciunt deserunt ducimus dolorum quo.,2026-05-01
433,2,Occaecati aspernatur veniam sequi a perferendis nam consequuntur quisquam minus esse voluptas rerum numquam quisquam placeat suscipit quae natus illo.,2025-08-03
434,5,Deserunt ut asperiores ea ea commodi perspiciatis velit iure occaecati occaecati.,2026-03-02
435,2,Sequi vel voluptas quam architecto consequuntur voluptates quo minus consequatur consequuntur illum quibusdam minima voluptates reprehenderit.,2025-07-05
436,5,Laboriosam aperiam occaecati voluptate dolore adipisci deleniti ea blanditiis occaecati non.,2026-05-03
437,5,Magni et numquam nihil impedit iure earum saepe corporis quos pariatur quae quasi omnis voluptate consequuntur tempore.,2026-03-09
438,1,Suscipit odio illo iste aut fugit nobis itaque ea sapiente necessitatibus.,2026-02-27
439,3,Vel est tenetur impedit ducimus error maxime quis dolorum ullam occaecati quisquam.,2026-02-20
440,5,Ipsa beatae voluptas blanditiis est voluptas dolore incidunt ad provident ad natus laboriosam sapiente et expedita perferendis quos animi.,2025-10-28
441,5,Praesentium cumque laboriosam laboriosam non cupiditate explicabo atque corrupti quae eaque hic doloremque cumque impedit suscipit.,2025-08-08
442,1,Hic ad corporis eum error modi ab numquam exercitationem nulla necessitatibus laudantium quo quam voluptas recusandae.,2025-06-19
443,3,Nobis facere laborum neque quis architecto vitae repellendus ducimus iste placeat asperiores.,2026-04-10
444,2,Perferendis voluptates vitae itaque dolor minus corrupti explicabo vero iure inventore aut facilis nam quas cum dignissimos recusandae.,2025-10-06
445,5,Aliquam id dolorum quia magni corporis vitae occaecati voluptatibus nam maiores dolore tenetur sint reiciendis aliquam iusto quaerat minima.,2025-09-24
446,4,Cupiditate ipsam quaerat voluptatem quis enim expedita delectus iusto ab.,2026-02-25
447,2,Ipsum ad eos molestias ducimus perferendis ipsa quaerat laudantium praesentium quis distinctio hic architecto numquam quas explicabo at quae accusantium.,2025-10-25
448,5,Suscipit adipisci beatae esse modi ducimus consectetur inventore cupiditate porro accusamus in voluptatum consequatur dolores.,2026-03-11
449,5,Corrupti omnis doloremque provident deleniti earum consequuntur reprehenderit earum.,2026-02-19
450,5,Ex dignissimos beatae ipsa nemo sed nam sint beatae impedit id commodi saepe quos nostrum saepe iusto.,2025-06-20
451,5,Ab dignissimos a fugiat tenetur aperiam accusantium aut hic neque a placeat enim ratione.,2026-01-08
452,2,Mollitia aut quas atque illum consequuntur veniam rerum cumque a consectetur atque facere et accusantium.,2025-06-06
453,3,Vitae illum nemo provident atque quaerat deserunt ex cum ex cum doloribus cum optio voluptatem vel eveniet saepe deserunt iste.,2025-10-03
454,5,Odio doloremque ullam qui veritatis sed esse voluptatum cupiditate excepturi sit dicta facilis quo assumenda totam quod.,2025-07-25
455,1,Eum placeat rerum iure provident mollitia debitis aliquam assumenda ipsum minus accusantium dolores ducimus vitae.,2026-01-26
456,4,Tempora magni provident nihil blanditiis molestiae architecto suscipit sapiente repudiandae consectetur non tempora facilis praesentium vero quisquam optio facilis.,2025-11-07
457,2,Aliquid qui explicabo illum eum libero non sequi autem deleniti ipsum nihil.,2026-03-29
458,1,Dolore provident quis iusto voluptas ipsam dolorum quisquam placeat assumenda harum mollitia voluptatem sed voluptas necessitatibus tenetur aliquam quidem.,2026-02-09
459,5,Omnis vitae delectus quod dicta quae nisi fugiat ab maiores earum inventore quibusdam consectetur magni.,2025-09-07
460,4,Suscipit nesciunt quam ab voluptates libero hic autem blanditiis doloribus saepe nobis odit neque similique nisi iure odio ut.,2026-03-08
461,5,Vel totam sequi dolore maxime laborum molestiae maxime explicabo repudiandae maiores quasi vitae natus nostrum id.,2026-04-04
462,2,Molestias quisquam quod voluptas iusto possimus amet tenetur necessitatibus officia.,2025-09-22
463,5,Dolores nesciunt nulla voluptatem sed velit officiis error eius iure tempore optio sit est beatae vitae iste neque.,2025-07-20
464,1,Quia consequatur odit unde eligendi doloremque quisquam rerum voluptatibus autem hic vel.,2025-08-24
465,5,Dolorum neque ullam distinctio nostrum eveniet occaecati quae necessitatibus amet repellat provident nemo.,2026-03-24
466,1,Facilis sequi ipsum quidem ullam libero impedit voluptates mollitia fugiat minima voluptatum dolor esse aliquam sapiente possimus.,2025-09-19
467,2,Voluptatum officiis atque placeat iure vero atque ullam odio deserunt.,2025-07-19
468,5,Odit a magni dolor nesciunt corrupti deserunt quae eum.,2026-05-23
469,4,Dolores deleniti neque nobis consectetur mollitia placeat aliquam deleniti.,2025-08-29
470,4,Quisquam vitae ut placeat hic deserunt itaque et perferendis ex.,2025-11-15
471,1,Eligendi ipsum ea porro deleniti voluptas doloribus laboriosam asperiores incidunt nostrum.,2025-05-31
472,5,Nesciunt quae et exercitationem iste voluptates totam corrupti aliquam.,2025-10-16
473,2,Iusto asperiores in est vel recusandae natus reiciendis reiciendis beatae cum.,2025-09-19
474,4,Natus unde nisi vero corporis perspiciatis quidem accusamus in adipisci quasi aut corrupti sit temporibus molestiae dolores quae ad.,2025-11-25
475,5,Eos in possimus dolorum a ducimus fuga repellat excepturi ex commodi illum provident inventore libero laborum.,2025-06-01
476,5,Non perferendis ullam dolor officia laborum similique deleniti quam aperiam perspiciatis illum adipisci debitis quia doloribus natus quam voluptatem.,2026-04-03
477,4,Veniam incidunt ut accusantium veniam delectus aperiam ipsam veniam perspiciatis id.,2026-03-16
478,3,Quo alias officia totam ad quam vero perspiciatis cupiditate animi nesciunt dignissimos est alias ipsa labore cum.,2025-09-21
479,2,Fugit quas mollitia deserunt dolores placeat doloremque quasi sequi asperiores nisi.,2026-04-11
480,3,Ullam quos non beatae sed dolore laboriosam cum ullam aliquam animi nam sunt magni officiis ipsam eius iste amet.,2025-07-21
481,5,Nulla eum quasi modi ipsam cumque molestias corporis id corrupti possimus maxime possimus quia.,2025-10-26
482,3,Voluptatem cumque voluptate mollitia temporibus ea provident facilis neque consequatur.,2026-02-16
483,1,Laudantium accusamus necessitatibus repellendus reprehenderit officia suscipit veritatis ipsam possimus ducimus repellendus exercitationem facere.,2025-05-25
484,1,Iste iure dolorum libero temporibus ea ipsam repellat praesentium earum et iusto quod.,2025-08-01
485,5,Voluptatibus assumenda temporibus maiores non veritatis corrupti esse id.,2026-03-24
486,5,Recusandae consequatur recusandae corporis id quaerat provident quidem ducimus ipsa.,2026-05-20
487,4,Exercitationem sint asperiores maiores incidunt ex quas id maiores.,2025-06-22
488,2,Asperiores saepe odit fugiat voluptatum voluptas neque facilis aperiam iure minima tempore.,2025-06-05
489,3,Quis voluptatum consequatur placeat dolores fuga placeat assumenda id accusantium nemo assumenda.,2025-10-26
490,3,Nam ea accusantium ipsam ut blanditiis a maiores quam id sit aut cupiditate laboriosam officiis quam amet repudiandae animi dolorem.,2026-03-30
491,2,Voluptate neque quasi nisi iste corrupti tenetur impedit pariatur eveniet architecto alias repudiandae unde amet iusto repellendus.,2025-10-17
492,5,Nam facere quas accusamus aliquid expedita enim labore placeat ut dolorem placeat cupiditate aspernatur voluptatibus cupiditate temporibus iusto.,2026-01-14
493,3,Ratione labore officiis perferendis omnis similique ex dolorem nobis eum sint voluptates quibusdam ducimus quis expedita fugit perspiciatis nulla quia.,2025-08-22
494,4,Animi assumenda eligendi expedita quaerat ipsam aliquam recusandae perspiciatis facilis tempore voluptatum.,2025-08-07
495,3,Itaque quos nostrum dolorem ipsam incidunt quibusdam qui quo placeat ipsum modi quia.,2025-07-14
496,3,Quisquam a minus exercitationem quisquam repellat itaque nisi aliquid facilis error quam maiores aspernatur earum nostrum.,2025-06-09
497,4,Animi veritatis reiciendis magnam cupiditate quasi perferendis ipsam eaque ad nulla nam distinctio ea quisquam et voluptate qui.,2026-02-08
498,4,Atque blanditiis porro animi praesentium fuga possimus architecto modi illum.,2025-08-14
499,5,Tempore non pariatur quas nisi repellendus asperiores explicabo nemo blanditiis pariatur amet omnis quam dicta eius vel.,2025-09-18
500,2,Ab quis suscipit corporis similique eaque expedita voluptas libero ut ab sed eos repudiandae reprehenderit maxime sunt laborum recusandae.,2025-11-15
501,5,Quaerat consequuntur aperiam quis eligendi voluptas ducimus quas eius esse.,2025-08-12
502,4,Eos nesciunt vel vero laboriosam molestias dolorum labore recusandae.,2026-01-14
503,3,Aspernatur inventore itaque libero modi repellat exercitationem corporis rerum debitis ipsum velit.,2025-08-01
504,3,Nulla magnam officiis iste voluptatibus minima velit ex eius maiores sunt quis vitae doloremque a ullam unde.,2025-05-27
505,4,Quam neque porro distinctio voluptatum totam porro vitae ipsa possimus ex.,2026-03-14
506,1,Voluptates neque dolorum tempore maiores ad corrupti eius voluptate enim.,2026-01-26
507,4,Laboriosam doloribus quaerat pariatur illum ullam architecto facere mollitia illo provident praesentium dolores tempore.,2025-05-30
508,2,Adipisci in nostrum maxime sint voluptas aut alias provident ipsum unde dolores amet saepe vero debitis suscipit.,2026-04-02
509,2,Architecto impedit officiis eligendi itaque soluta in similique reiciendis autem numquam distinctio praesentium laudantium sed nam laborum quis.,2025-09-05
510,4,Temporibus impedit eum sunt expedita similique ex illo doloremque.,2025-12-01
511,5,Eveniet rerum aspernatur ut cumque sequi perspiciatis debitis consequuntur vel totam minima molestiae inventore aliquam unde rerum.,2025-07-13
512,1,Earum nihil quaerat minima est modi tempora voluptatibus sapiente voluptatibus ipsum alias culpa doloribus pariatur saepe cumque nulla nam temporibus.,2026-03-02
513,4,Recusandae quidem cumque quia ullam dignissimos inventore fugit ipsa eos.,2025-07-02
514,1,Ut quibusdam molestias consequatur velit praesentium quod delectus corporis iure fugiat adipisci doloribus ab voluptatibus laboriosam natus.,2026-04-07
515,2,Ipsa aspernatur quia illum pariatur dolorem dolore odit expedita sit quidem veritatis provident laboriosam.,2025-09-24
516,5,Tempora cupiditate veritatis consectetur rem saepe libero quae alias ducimus distinctio minus provident iusto aperiam.,2025-10-13
517,1,Quod dolore odio repudiandae cumque exercitationem unde ipsum tenetur est cum.,2026-04-21
518,3,Aliquam quas corrupti exercitationem enim illum nobis ratione placeat voluptatem recusandae tempora voluptatem.,2026-01-30
519,3,Eos aut labore nam sequi architecto ratione in quos.,2026-04-13
520,5,Id officia doloremque hic ratione soluta fugit ab vitae eius perferendis tempore quia inventore.,2026-05-04
521,4,Dignissimos quae numquam architecto porro eligendi nobis explicabo iure porro adipisci omnis incidunt.,2025-10-30
522,5,Dolores nostrum velit nesciunt nihil sapiente vero in adipisci impedit odio nisi.,2025-06-22
523,5,Animi consectetur quaerat dolorem veritatis nemo adipisci blanditiis quam magnam at quis.,2025-12-28
524,5,Molestias dolorum incidunt numquam eum suscipit quod asperiores molestiae accusantium blanditiis.,2026-04-24
525,2,Dignissimos eius repellat eveniet itaque consectetur omnis laudantium maiores itaque voluptatum unde facilis.,2025-06-30
526,4,Optio facilis possimus neque tempore explicabo libero necessitatibus nostrum fuga facilis tempora eveniet officiis porro harum natus.,2025-10-11
527,1,Assumenda beatae maiores soluta vero enim asperiores dolore exercitationem cum est qui optio facilis repellat aperiam iste pariatur minus voluptate cum.,2026-02-09
528,5,Hic et soluta nostrum quae at rerum fugiat eos eos.,2025-12-28
529,2,Animi dignissimos ratione optio labore harum numquam ea dicta maiores quo.,2026-05-06
530,5,Error animi reprehenderit facere similique cupiditate vel ratione qui eligendi voluptatibus.,2025-09-04
531,5,Qui cupiditate dicta quo doloremque officia recusandae ad dolorum.,2025-05-31
532,2,Reiciendis at mollitia aliquam quaerat optio explicabo nemo nesciunt aperiam ad unde.,2025-07-13
533,2,Non ducimus consequatur tenetur dolores culpa esse ab mollitia nisi veritatis quos dignissimos esse vitae voluptate ea magnam.,2025-06-12
534,1,Labore dicta nobis placeat inventore debitis iure molestias assumenda laudantium enim consectetur quisquam corrupti quo.,2025-11-20
535,2,Assumenda possimus dignissimos assumenda dolore at nihil esse alias nulla veritatis amet molestias minus architecto fugit impedit repellat culpa blanditiis.,2025-06-22
536,1,Autem nemo nihil maiores architecto dolor eum vitae quas possimus atque vero doloremque inventore similique id amet error unde.,2026-03-04
537,1,Tenetur assumenda similique dolor molestias natus nulla suscipit recusandae laboriosam.,2026-01-02
538,4,Eum sint beatae quam quos ad suscipit dolorum veritatis.,2025-11-24
539,4,Nihil inventore vero asperiores tempora labore hic animi quaerat iste quibusdam corrupti provident.,2025-10-28
540,5,Corrupti asperiores fugiat quia blanditiis ad deserunt libero odit quas at voluptas perferendis voluptate amet quo porro.,2026-02-10
541,5,Voluptate voluptas veritatis quis nemo fugiat quo animi id iure accusamus nisi eligendi totam sint voluptas id.,2026-05-16
542,1,Doloribus quaerat voluptates dolorum porro animi laudantium quia et reprehenderit quos neque sint aperiam omnis nam dicta delectus error sapiente.,2026-04-07
543,5,Excepturi modi laudantium eligendi possimus possimus mollitia numquam officiis doloribus ex quasi sapiente laudantium consequuntur sed.,2025-12-29
544,5,Totam saepe consequuntur fugiat veniam quia explicabo voluptatum beatae nulla beatae nemo in ad dolor.,2025-07-29
545,3,Maxime cumque quibusdam incidunt molestiae tenetur molestias laudantium id natus odio corporis dolores accusantium.,2025-11-27
546,3,Possimus illum ipsa maxime impedit tempore earum inventore laboriosam quae atque doloremque quisquam.,2026-01-28
547,5,Aliquam dolorem itaque exercitationem cumque ipsam id commodi facere error maiores.,2026-02-13
548,4,Quibusdam earum reiciendis fuga debitis beatae est distinctio fugit architecto impedit.,2025-10-29
549,5,Blanditiis esse totam similique soluta asperiores maiores cumque quibusdam ad ex excepturi occaecati fugiat expedita ducimus.,2026-05-21
550,3,Magnam doloribus magni ducimus sed quod sapiente doloremque iste voluptates rem dicta soluta perspiciatis odio et.,2026-02-23
551,4,Sed explicabo illum incidunt ab voluptatibus sed at veritatis officia consequuntur libero corrupti dolore minima.,2025-09-06
552,1,Iusto eaque commodi aut similique vitae ipsam sit dignissimos reiciendis doloremque facilis ratione animi neque saepe occaecati accusantium ratione deserunt.,2025-08-10
553,1,Quos non assumenda placeat tenetur alias beatae deleniti rem.,2025-09-08
554,3,Sequi quidem veniam dolores repellendus occaecati natus deleniti quia labore iure accusamus in.,2025-11-30
555,1,Unde ex optio excepturi quae esse debitis veritatis ducimus nostrum harum nemo eos saepe voluptatem quibusdam labore possimus.,2025-09-03
556,3,Sapiente consectetur exercitationem magnam voluptas beatae vitae quia voluptatum ut sint officiis ipsum earum itaque.,2025-08-21
557,5,Possimus eum delectus est blanditiis illum distinctio dolorem cum eius quasi non quaerat porro.,2026-01-15
558,4,Amet ipsam iure vitae aut placeat numquam odio excepturi.,2025-11-11
559,5,Veritatis qui dolores sequi soluta quod velit error eligendi praesentium sequi cupiditate provident odio suscipit doloribus.,2025-09-18
560,2,Quo ratione suscipit tempora dicta distinctio cumque modi iusto facere illo laudantium voluptatibus commodi dignissimos.,2025-12-01
561,4,Impedit eveniet earum itaque quae atque assumenda maxime consectetur quas voluptates.,2025-06-09
562,4,Sint vero vero perferendis maxime nisi asperiores quam a quas blanditiis voluptates blanditiis error illo ducimus quae aspernatur aut.,2025-07-27
563,1,Sequi dolores quis itaque reiciendis cupiditate quisquam sit laudantium vero repellendus perferendis totam similique quisquam voluptas delectus libero quam laboriosam.,2025-09-19
564,1,Nam saepe quas itaque animi nam suscipit odio excepturi cupiditate ut culpa quibusdam quas.,2026-01-11
565,1,Repudiandae mollitia cum cumque laboriosam voluptas animi illum illo quas corrupti inventore tenetur sapiente molestias dolor necessitatibus voluptatum itaque.,2025-11-09
566,2,Esse quidem pariatur consequatur autem quaerat repudiandae deleniti voluptatibus iusto rerum quibusdam sapiente accusantium aliquid doloribus.,2025-06-11
567,2,Quod minus maiores quasi ullam provident ipsa rem neque cum libero saepe quibusdam alias vitae tempora doloremque magnam.,2025-12-13
568,4,Culpa possimus ipsa quam molestiae sint ut debitis illum animi labore enim sint repellat hic ipsam incidunt hic perspiciatis at.,2025-11-24
569,5,Magni magnam ipsum nesciunt libero neque a ullam aliquam esse quisquam quidem aperiam ipsa debitis nostrum voluptate animi commodi quia.,2025-08-22
570,1,Exercitationem veritatis fuga ipsam dolores nostrum quaerat alias voluptatibus quidem reprehenderit quod aliquam.,2025-05-30
571,3,Dolorem assumenda maiores corporis corrupti iure quia facilis commodi provident dicta quis nemo voluptatem aperiam reiciendis.,2026-01-16
572,3,Id unde illum ut deserunt laudantium dolorem voluptatibus consectetur minus explicabo id.,2026-04-06
573,4,Doloremque consequuntur ratione sequi dolor perferendis delectus quibusdam dignissimos alias repellat quaerat repudiandae quasi quaerat amet molestiae nesciunt.,2025-06-13
574,3,Omnis dolorum tempore dignissimos ipsum eaque deleniti suscipit deserunt commodi occaecati.,2026-04-15
575,5,Distinctio eligendi id quisquam assumenda facere laborum molestias ullam earum dolor aut minima quae numquam quibusdam porro beatae.,2026-02-21
576,4,Necessitatibus harum accusantium voluptate occaecati eos sapiente explicabo esse rerum corporis facilis pariatur molestiae dolore nulla.,2025-12-14
577,3,Ipsa adipisci dignissimos corporis reprehenderit dicta voluptas voluptas inventore minus nulla ea.,2026-02-01
578,5,Minima nam odio nemo dolore itaque tenetur iusto totam perferendis similique.,2026-01-06
579,2,Aspernatur fuga dolores atque magni quidem repudiandae in exercitationem facilis aspernatur placeat adipisci.,2025-06-08
580,2,Accusamus ipsa soluta qui minima odit quisquam illo itaque voluptatibus laudantium iusto sit repudiandae neque.,2025-09-10
581,2,Incidunt consequuntur nesciunt quam at quas doloremque ex est sequi fugit corrupti eveniet necessitatibus id tenetur ipsam dignissimos perspiciatis.,2026-01-23
582,2,Dolorem nobis nostrum totam enim dicta natus eum quia impedit ipsa optio facilis asperiores animi laudantium.,2026-01-08
583,2,Amet qui at optio qui velit velit fugit fugiat.,2026-01-26
584,2,Expedita hic recusandae dignissimos provident delectus veniam dignissimos ullam iste natus nisi.,2026-01-16
585,5,Incidunt hic reiciendis neque alias ab molestias inventore quam quas.,2025-11-22
586,2,Dignissimos similique culpa est unde ipsum quisquam suscipit occaecati deserunt iusto facere facilis vel at voluptatibus recusandae.,2026-03-30
587,1,Perferendis nobis libero ullam eos vel provident optio odit nam accusamus expedita laudantium doloribus earum ipsa nemo error totam recusandae.,2026-04-13
588,4,Molestiae quisquam sunt quia ratione velit eveniet magnam nemo omnis harum exercitationem voluptates.,2025-07-13
589,1,Deleniti molestiae tempora qui ipsam nisi ullam molestiae dolores ipsum doloribus eaque aliquam reprehenderit magni nulla magnam hic quia.,2025-08-19
590,1,Corrupti aliquid similique officia repudiandae harum hic non odit eaque.,2025-09-19
591,3,Error soluta facere minus nisi debitis beatae reprehenderit placeat harum reprehenderit magnam aperiam.,2025-07-10
592,3,Molestias distinctio sint in enim incidunt temporibus nesciunt animi labore ea eius inventore totam commodi qui aspernatur aspernatur.,2025-09-13
593,5,Blanditiis excepturi voluptates dolores nemo perspiciatis praesentium voluptatem mollitia illum magnam unde.,2026-01-03
594,4,Odit temporibus aliquid ratione esse et nobis dolor fuga sapiente.,2026-02-19
595,5,Quaerat optio a repellendus maiores et a similique cumque excepturi sequi deserunt maxime autem soluta adipisci.,2025-12-31
596,4,Sequi repellat sequi atque molestiae tenetur nam harum totam repellat nisi non.,2026-01-30
597,5,Blanditiis totam numquam quam alias explicabo blanditiis atque repellat repellat dolore ut illum ipsa magnam recusandae laudantium laboriosam modi odit.,2026-03-19
598,1,Veniam nisi dignissimos cum saepe vero nam quaerat quos vel facilis laudantium tenetur aut in corrupti nihil dignissimos consequuntur quis.,2025-08-27
599,4,Nemo cum consequatur natus velit quo eaque pariatur velit repudiandae labore perspiciatis vel iusto.,2025-09-21
600,5,Minima expedita culpa ipsum molestiae harum autem porro tempore voluptatem temporibus ratione qui quam officiis.,2026-05-07
601,5,Voluptatum nihil rerum velit inventore laudantium at beatae mollitia aliquid.,2025-11-27
602,4,Molestiae tempore pariatur consectetur pariatur officia dolorem perspiciatis sapiente unde.,2025-06-06
603,2,Animi eveniet nesciunt quia quisquam neque totam animi ratione dolore ratione repellendus.,2025-10-01
604,1,Nobis nam porro praesentium voluptatum repellendus sapiente sunt provident odio necessitatibus illo molestias vitae facere.,2025-05-31
605,5,Cum aperiam quidem sapiente recusandae ab commodi ratione quod velit suscipit quisquam ducimus quia rem.,2025-09-30
606,3,Soluta praesentium porro libero aut alias quo sapiente earum.,2025-06-05
607,1,Eveniet eligendi soluta adipisci illo nihil repellat qui repudiandae tenetur alias repudiandae possimus itaque excepturi inventore nam placeat odit.,2026-05-17
608,2,Nemo aliquam ducimus non earum esse pariatur omnis enim facere ut voluptatum ipsam inventore et.,2025-11-10
609,5,Perferendis occaecati enim illo hic assumenda nobis exercitationem aliquid hic sequi eligendi.,2026-04-02
610,3,Minima occaecati commodi voluptatibus perferendis fugiat maxime nesciunt accusamus vitae vitae.,2025-11-19
611,5,Consectetur rem vero assumenda quis harum quisquam molestiae ipsa quisquam est minima earum velit soluta nisi.,2026-01-11
612,2,Voluptatum perferendis laboriosam aliquid id fugiat saepe quia reprehenderit eos culpa tempore reprehenderit libero consequatur assumenda vel eum earum vero excepturi.,2025-08-16
613,3,Repudiandae hic alias maxime quia minima nulla nobis soluta iste autem veritatis animi quo ab.,2026-01-22
614,3,Tenetur tempore ex quisquam deleniti blanditiis earum ullam accusantium nostrum repudiandae dolorem optio doloribus consectetur.,2025-09-24
615,5,Ab assumenda corporis soluta earum ducimus quia quas recusandae eius praesentium.,2025-11-29
616,3,Eligendi adipisci temporibus unde laborum dolore possimus reiciendis deserunt sapiente.,2026-02-18
617,4,Soluta laboriosam quis corrupti soluta aliquid corrupti unde incidunt minus dolorem dolor numquam natus placeat quia aspernatur.,2025-10-18
618,2,Officiis vero rem necessitatibus corrupti est voluptate exercitationem iure quo.,2025-10-21
619,3,Repellat perspiciatis facere labore voluptas quod sit sint impedit quisquam error minima modi deserunt quidem laudantium occaecati.,2025-11-18
620,4,Est quibusdam consectetur eum eveniet architecto iure minima nam delectus ad aliquid dolorum excepturi dolorem.,2025-12-31
621,4,Delectus vitae culpa voluptates ipsam labore fugit fugiat aliquid consectetur molestias libero eum possimus magnam aspernatur pariatur animi labore.,2026-02-20
622,5,Asperiores sapiente dolor tenetur nam nobis aut quod quae id atque omnis.,2026-03-17
623,5,Sapiente quae velit ducimus veritatis dolore odio commodi rem aspernatur ullam explicabo nihil sint fugit esse provident est.,2025-06-06
624,2,Distinctio nisi nostrum laboriosam repellat placeat facere dolorem doloribus eius neque iste.,2026-04-02
625,3,Inventore nostrum adipisci ad aliquid dignissimos odio dolorem error nobis facilis quae praesentium repellendus quaerat occaecati quasi minima at ut.,2026-01-23
626,5,Illo veniam voluptatum repellat consectetur facilis nihil libero ducimus itaque voluptate dolor consectetur temporibus nesciunt aliquid ullam dolor.,2025-10-14
627,4,Cumque dolorem nobis eaque aliquam sunt accusamus ipsum placeat voluptatem quasi soluta.,2026-02-12
628,2,Dolor id iure itaque quam libero ab accusantium illo illum voluptatum quis illo a vitae fugiat quaerat cum voluptatibus.,2026-03-08
629,4,Blanditiis voluptas ratione officia consectetur neque unde similique magnam sint modi.,2026-05-19
630,2,Nam ea ipsam incidunt provident dolor dignissimos sed temporibus quam facere nesciunt saepe necessitatibus optio alias illo optio.,2025-10-20
631,4,Adipisci earum explicabo doloremque delectus dolorum totam dignissimos excepturi repellat eius soluta natus beatae maxime est.,2026-03-16
632,5,Expedita culpa ea blanditiis sit quibusdam iusto placeat labore provident esse quae vel ratione dolorum veniam atque.,2025-08-23
633,3,Quas neque unde qui reprehenderit rem quae nemo ducimus asperiores doloribus nemo deserunt autem quis illum.,2025-09-16
634,3,Excepturi libero laborum itaque maxime labore facilis distinctio ratione incidunt dignissimos quod at ducimus nisi nesciunt.,2026-01-15
635,5,Quo voluptatum ad molestias molestias error inventore laudantium consectetur dicta non perspiciatis laudantium.,2025-08-06
636,1,Beatae sint alias asperiores dolore autem est vitae est delectus dicta voluptas libero culpa asperiores voluptatibus.,2025-11-01
637,1,Accusamus a quas veritatis atque ut quod tenetur dolorum itaque non est occaecati reiciendis nobis veritatis exercitationem temporibus dolore optio.,2025-06-04
638,2,Fugit nostrum nemo iure doloremque iste voluptate nesciunt hic.,2026-04-23
639,2,Reiciendis quis itaque inventore dolore cupiditate facilis reiciendis necessitatibus.,2026-01-13
640,4,Voluptatem tempore tenetur nulla iusto optio quidem facilis totam ipsam deserunt quisquam laborum ab blanditiis excepturi perspiciatis.,2025-07-05
641,1,Rerum iure libero numquam delectus saepe impedit repellendus nesciunt magni.,2025-10-05
642,3,Magni porro sint placeat in aperiam unde minima perferendis labore velit magnam voluptates laboriosam rerum ullam.,2026-01-10
643,3,Eos distinctio possimus deserunt sequi earum sunt amet fugit corrupti id laudantium incidunt reiciendis soluta nisi repellat reiciendis quasi maxime.,2025-11-20
644,5,Harum ea nesciunt eaque ipsam aspernatur explicabo occaecati qui eius ipsam dolorum eum alias odit ducimus.,2025-08-11
645,3,Dolores libero nobis ab quam perspiciatis quibusdam nostrum et dolorem numquam ex ad ipsam repellendus.,2025-11-28
646,1,Mollitia velit quo laboriosam ab dolorem dolor quas fuga illo deleniti quam blanditiis illum.,2025-10-25
647,1,Esse qui aliquam ullam repellat adipisci dolore distinctio voluptas soluta assumenda a sunt dolor repellat provident.,2025-11-25
648,5,Et aliquid qui consequuntur facere dolorem minus occaecati inventore.,2026-02-11
649,5,Tempora unde iusto officia eaque voluptatem ratione tempore sint quia dolorum sed.,2025-08-02
650,5,Temporibus deserunt quos nulla eaque excepturi corporis amet veritatis nemo repellendus.,2026-02-23
651,3,Amet at debitis laudantium aliquid rem beatae soluta eveniet hic.,2025-11-23
652,3,Ea sunt labore odio dicta deserunt doloremque rerum incidunt ea dolor eum similique fuga provident labore nihil sequi.,2025-06-13
653,5,Veniam tenetur pariatur quisquam placeat illum delectus iusto quas.,2025-09-16
654,4,Iusto inventore iusto laboriosam odio totam molestiae velit velit nobis dolores quaerat ullam sint necessitatibus consectetur laudantium ducimus nisi.,2026-04-13
655,4,Maxime error perferendis praesentium vitae tenetur dolorum illum magnam ab totam magnam voluptatem laudantium architecto aliquid rem illo odit blanditiis.,2025-07-13
656,3,Repellendus eaque libero vitae minus quis perspiciatis error minus.,2025-09-28
657,2,Maiores deserunt ab ducimus sapiente expedita distinctio ut eveniet eligendi perspiciatis sint soluta nulla.,2026-02-27
658,3,Delectus animi ab blanditiis iste sit magni recusandae ratione rem ducimus qui assumenda laudantium maxime quia magnam eaque.,2025-10-20
659,5,Voluptatibus suscipit mollitia omnis tempore voluptatum nesciunt ad voluptatum voluptas alias numquam fuga.,2025-08-04
660,4,Sapiente repudiandae culpa nulla quos commodi facere dignissimos tenetur.,2026-04-17
661,1,Tempore non nisi numquam fugit dolor vero reprehenderit cumque.,2026-03-02
662,3,Facere vitae explicabo voluptas voluptatem adipisci nisi nihil rem eius recusandae animi debitis.,2026-01-27
663,3,Dignissimos cum blanditiis sint occaecati facere atque voluptate eveniet ad consectetur aspernatur veniam consequuntur aliquam voluptatum sequi.,2025-12-12
664,3,Commodi tenetur error soluta quos adipisci dolores voluptas tenetur expedita minus quae dolor maiores ipsam repudiandae nobis suscipit.,2025-05-25
665,3,Repellat velit corrupti rerum eveniet perspiciatis dolores rerum fugiat assumenda culpa corporis perspiciatis quisquam sit ipsa earum consectetur explicabo vero.,2025-07-18
666,4,Exercitationem sit facilis iusto in minus minima quam excepturi excepturi aliquam amet maiores nemo quas sequi nulla sapiente.,2026-01-05
667,4,Qui iste aut reiciendis accusamus provident eos mollitia nesciunt beatae quae eveniet adipisci.,2025-11-19
668,5,Consequatur ducimus illum enim dolores ex ipsam sed nisi facere quos nobis reiciendis vel fuga ex magni similique magni.,2025-08-30
669,4,Optio ipsum quod error quisquam iste libero laudantium fuga soluta fuga.,2025-10-24
670,2,Commodi maiores corrupti enim nesciunt repellat laboriosam iusto aliquam laudantium quae.,2026-02-18
671,1,Tempora nobis eligendi rerum necessitatibus qui iure eaque quaerat tempora ipsa consequatur perspiciatis exercitationem in.,2026-03-20
672,2,Blanditiis ex nesciunt exercitationem adipisci cumque ipsum ipsum numquam recusandae fugiat commodi culpa quod corrupti corporis laboriosam facere.,2025-06-19
673,3,Velit repellendus veniam possimus dicta aut temporibus odio aliquid excepturi.,2025-05-30
674,1,Excepturi dolores enim explicabo vitae suscipit facilis ipsa deleniti commodi voluptatibus vero optio dignissimos recusandae.,2026-02-05
675,2,Praesentium similique impedit magni natus quos explicabo ab voluptates quia at magnam quis amet dicta labore fuga eveniet.,2025-11-01
676,1,Nam quisquam atque quaerat itaque doloremque hic fugit aliquid vel placeat doloribus architecto perspiciatis alias nemo vitae maxime.,2026-04-05
677,1,Molestias officia ad at fuga ratione mollitia nisi at fuga dignissimos aliquam illo aliquid nostrum deleniti perspiciatis dolores.,2025-09-23
678,5,Velit inventore libero aliquam tenetur pariatur suscipit molestiae odio maxime velit voluptatibus aperiam.,2026-04-26
679,1,Nostrum minus eligendi vel maxime quibusdam impedit iste illo quibusdam earum sapiente consequatur ab doloremque maiores at eos quia.,2025-11-01
680,5,Ipsa laboriosam corrupti repellendus esse sed ducimus officia deserunt placeat cumque libero reprehenderit illo ipsam quos.,2026-04-11
681,1,Maxime placeat mollitia ipsam sequi earum necessitatibus est minima optio esse veniam fugit non voluptatem.,2026-01-09
682,5,Nulla ex at eveniet repellat illo officiis deserunt eius velit occaecati recusandae nesciunt accusamus nam natus fugiat quisquam nihil.,2026-03-05
683,1,In voluptatum maxime vero commodi voluptates delectus consequuntur quos corporis pariatur officiis voluptate officia eaque nam.,2025-06-22
684,4,Delectus amet iusto dolorem provident quo amet harum quae dignissimos impedit.,2025-12-16
685,2,Provident voluptatibus vitae libero doloribus unde ratione eveniet harum reiciendis suscipit perferendis ipsum id.,2026-01-17
686,3,Repudiandae itaque harum perspiciatis amet explicabo architecto quasi totam odio laboriosam incidunt odit velit eaque voluptas.,2025-10-09
687,2,Cumque alias illum ducimus ipsa deserunt dolorum ducimus aliquam eos assumenda placeat inventore.,2026-03-17
688,5,Iste aut fuga amet eveniet occaecati at voluptas expedita velit accusantium excepturi fugiat.,2026-02-25
689,1,Doloremque et sequi eum molestiae numquam voluptates totam rerum quae.,2026-05-06
690,3,Sint labore incidunt quae dignissimos sequi perferendis porro aliquid eius dignissimos molestias a aliquam voluptatem reiciendis nulla aspernatur.,2025-12-08
691,4,Aliquam facilis consectetur aspernatur eaque itaque saepe quod ullam neque quisquam facere nisi ex consequatur accusantium debitis nulla.,2025-09-26
692,5,Atque beatae enim et voluptatem reprehenderit aliquid velit ab laborum quasi quia facilis dolore incidunt ab quibusdam.,2026-01-04
693,5,Autem mollitia iste excepturi vel reprehenderit beatae voluptatum dolores rerum aliquam.,2025-10-08
694,2,Assumenda commodi eligendi reiciendis debitis incidunt expedita sequi cupiditate dicta assumenda impedit explicabo.,2025-05-31
695,5,Ad quis dolorum eveniet excepturi in velit tempora perferendis illo tempora quibusdam corporis quam beatae ab vero temporibus.,2026-02-22
696,5,Mollitia aliquam neque eum vero quo voluptas assumenda minima sed iste porro dicta debitis dolores reiciendis deleniti.,2025-07-22
697,4,Quis ullam accusantium sint earum eligendi nesciunt eum aspernatur sit ex repellendus tempore.,2025-07-04
698,5,Error corporis autem minus adipisci earum id eaque quibusdam quos occaecati placeat qui nemo consequuntur alias architecto quod temporibus eum.,2025-10-13
699,5,Molestias adipisci et amet dolore eligendi quo quam dolore impedit quisquam ab laboriosam quo.,2025-06-30
700,5,Deserunt praesentium amet neque molestiae eligendi illo voluptatibus doloremque ut alias officia atque iure.,2025-12-16
701,3,Ipsam beatae delectus provident soluta cumque tempore rerum dolore distinctio tenetur reprehenderit quia at.,2025-09-19
702,5,Fugiat minus iste non fugiat explicabo atque veritatis dolores porro natus adipisci praesentium voluptatem placeat quam tempora nihil quo.,2026-01-27
703,1,Quisquam deleniti quaerat asperiores nihil voluptatum fugiat officia adipisci nobis repellendus quam aliquam expedita quaerat occaecati unde sit repudiandae voluptatem.,2025-10-09
704,3,Necessitatibus ut fuga accusantium libero velit fugit fuga nemo hic sit iusto sunt eum corporis.,2025-11-17
705,4,Ipsum neque reprehenderit illum quis voluptatem rerum omnis ratione reprehenderit aperiam natus.,2026-01-10
706,2,Similique accusantium blanditiis voluptatibus suscipit ratione ipsa a officiis nihil sapiente a nam officiis aliquid sit voluptatum libero.,2025-12-19
707,1,Pariatur minima exercitationem sapiente pariatur porro iure reprehenderit sed quos assumenda perferendis iure possimus magni sunt.,2026-05-23
708,5,Autem excepturi officia quo nobis illo inventore vitae ipsum odio.,2026-03-15
709,3,Facere possimus natus beatae nihil cumque alias sint temporibus blanditiis dignissimos illo sequi quas necessitatibus qui itaque eligendi minus pariatur.,2025-12-28
710,4,Explicabo aliquid explicabo incidunt quia sunt quam impedit labore facilis blanditiis consectetur.,2025-08-23
711,1,Laudantium libero magni velit eligendi iste dolores sint nostrum numquam perspiciatis.,2025-06-05
712,4,Omnis esse modi fuga non nihil quibusdam debitis corporis alias aspernatur dicta possimus tempora incidunt.,2025-09-21
713,3,Commodi fugit laudantium neque necessitatibus vitae nemo distinctio dolores alias occaecati doloribus nam nam aliquam odit minus maiores qui.,2026-05-19
714,4,Fugiat doloremque sapiente debitis porro amet nisi eius molestias laudantium laboriosam commodi delectus culpa nihil optio deserunt quia.,2025-12-25
715,5,Iste necessitatibus cumque consectetur neque assumenda officia magni excepturi ut recusandae.,2026-01-25
716,1,Officiis placeat repellat ipsa saepe officia animi eveniet laboriosam optio quam quos natus itaque dignissimos totam pariatur distinctio odit.,2025-08-16
717,3,Expedita magnam possimus architecto ex explicabo sequi consequuntur voluptas culpa nulla maiores.,2026-02-16
718,4,Fugit praesentium fuga officia voluptatibus delectus nostrum deserunt nemo illum fugiat repudiandae.,2025-08-09
719,4,Voluptate rem modi eveniet id quis dolorem ullam officia earum reiciendis aperiam quaerat accusamus corporis laborum quibusdam.,2025-11-02
720,2,Ea deserunt eius nesciunt beatae vero autem minima architecto molestias odit impedit tempora numquam beatae vero quis sint.,2026-03-01
721,4,Doloribus ipsum veritatis distinctio esse magnam odio aut eveniet libero sequi error fuga amet at voluptate illum sapiente soluta cum.,2025-11-11
722,2,Error velit tenetur eligendi voluptatibus a debitis commodi dolorem quae recusandae numquam.,2026-01-09
723,1,Corporis dolorum eligendi laudantium similique quibusdam doloribus eos eius fugit aperiam veritatis.,2025-10-19
724,2,Unde rerum ea placeat quam amet amet recusandae unde minima voluptates amet neque quo autem deleniti consequatur ea quis assumenda.,2025-09-01
725,5,A cupiditate enim autem excepturi architecto maiores temporibus excepturi ducimus rerum minus.,2025-06-02
726,3,Earum deleniti perferendis ipsa facere rem consequuntur excepturi velit reiciendis architecto temporibus possimus sunt mollitia.,2025-12-29
727,5,Officia aut fuga labore cupiditate animi eveniet qui esse debitis assumenda nesciunt blanditiis placeat officiis cum nesciunt.,2026-01-06
728,4,Earum beatae beatae ab assumenda repellendus vero possimus id neque deleniti commodi sequi impedit corrupti temporibus repudiandae reprehenderit adipisci ipsum.,2026-02-16
729,1,Corrupti nulla magni esse esse nulla magnam vero hic.,2026-02-19
730,2,Numquam molestiae porro corporis delectus reiciendis commodi optio itaque pariatur veniam veritatis totam est earum.,2025-12-26
731,1,Commodi tenetur et recusandae quaerat nam ad atque deleniti maxime sunt dolor facere repudiandae modi cupiditate vitae enim molestiae.,2025-07-01
732,4,Quas corporis quas quasi dolorum cupiditate hic rerum occaecati.,2025-07-11
733,4,Ab consequuntur doloribus rerum quidem ducimus dolores incidunt reiciendis repellendus labore adipisci.,2026-01-04
734,5,Nulla quasi officiis odio optio nihil modi odit tenetur incidunt hic.,2025-09-14
735,2,Esse voluptas praesentium tempore libero sint asperiores ipsum excepturi recusandae sapiente amet dolores dolor alias recusandae sequi accusantium.,2025-12-10
736,1,Quaerat laudantium totam eligendi iure voluptate exercitationem delectus expedita suscipit ipsa repellat voluptates nihil dignissimos debitis voluptatum ipsa quam quidem.,2026-03-07
737,1,Neque eum delectus nam aut mollitia recusandae maiores deleniti fugit deleniti perferendis cumque.,2025-08-23
738,1,Molestias incidunt accusantium suscipit qui aliquam debitis soluta explicabo totam quo doloremque maxime nobis neque architecto aspernatur.,2026-02-17
739,1,Placeat nihil perferendis officiis eum est iusto animi ab iusto sequi omnis libero fugiat quam mollitia quo.,2025-12-30
740,3,Necessitatibus omnis non recusandae id quos itaque magnam provident impedit quisquam dolores vel repellat.,2026-03-20
741,4,Facere nostrum reprehenderit mollitia qui eius cupiditate tempore nesciunt excepturi deserunt sapiente deleniti alias eveniet architecto eos neque dignissimos porro.,2026-05-19
742,2,Ullam provident totam ad illum est autem dolorem similique ut dolorem.,2026-04-07
743,2,Quasi ab sequi quasi dolorum laudantium libero ullam consequuntur dolores consequatur sint laborum magnam repellat.,2026-05-16
744,4,Voluptatibus dicta veritatis perspiciatis dolor repudiandae beatae maiores ipsam.,2026-02-01
745,3,Repellendus officiis necessitatibus dolorem velit esse ipsam placeat quibusdam soluta veritatis blanditiis temporibus ipsam et neque doloribus sequi tempora.,2025-10-20
746,3,Architecto esse sapiente dignissimos voluptatibus autem accusamus modi illo voluptate amet inventore quisquam.,2025-09-10
747,3,Suscipit perferendis ad doloremque unde atque reiciendis doloribus impedit molestias fuga at alias aliquid architecto corrupti asperiores ducimus molestias ipsum.,2025-09-28
748,1,Maxime voluptas aperiam odio iusto ipsum recusandae deleniti quis eligendi non.,2025-12-05
749,1,Similique sequi distinctio consectetur accusantium deleniti est libero distinctio dignissimos esse autem illum architecto aliquid accusantium sapiente a.,2026-03-10
750,1,Occaecati beatae commodi excepturi ex quia necessitatibus consequatur quam.,2026-01-07
751,4,Placeat consectetur doloremque vero incidunt similique possimus consectetur assumenda fugiat quos.,2026-04-17
752,5,Reiciendis nobis quis velit mollitia quaerat temporibus reprehenderit laudantium labore ipsa fuga aperiam magnam iure asperiores ratione non.,2025-09-25
753,2,Modi nemo nostrum officia reiciendis aliquam magni dolore eius blanditiis.,2026-02-14
754,3,Eum qui illum magni repudiandae officia ratione repudiandae dolore beatae nam placeat libero.,2025-11-09
755,1,Omnis quod quas aliquam occaecati recusandae expedita laborum eum ex deserunt necessitatibus quisquam molestiae eveniet optio quam alias tempore repudiandae.,2026-03-22
756,2,Deleniti doloremque delectus aspernatur natus dolorum velit dolorem et in itaque consequuntur amet iusto odio quisquam deserunt nam eius animi.,2025-11-07
757,4,Facere officiis quaerat quidem perferendis eaque vel sed ipsum vel maiores nisi impedit iusto voluptas.,2026-01-17
758,1,Modi rem unde cum quaerat quas voluptate reiciendis quis adipisci aliquam quod perspiciatis ab eius quisquam nulla laudantium voluptas.,2026-02-11
759,4,Quos eos autem ipsam pariatur modi accusamus velit atque suscipit veritatis.,2026-04-05
760,5,Mollitia illum aspernatur in veritatis corrupti inventore quo error veniam libero possimus natus impedit.,2025-06-17
761,2,Beatae accusamus blanditiis iure quod doloremque culpa iure aliquid eligendi.,2025-09-23
762,4,Dolore quidem iure consequatur saepe optio quo necessitatibus nostrum laboriosam tempora nobis repellat animi.,2025-06-09
763,3,Odit animi reiciendis dolorem voluptatem rem ipsam nisi qui ut nemo ea sapiente.,2025-12-09
764,2,Eligendi ad sequi commodi ut perspiciatis animi maiores quisquam enim consequatur assumenda.,2025-07-05
765,1,Ullam porro repellendus atque ratione cumque facilis aspernatur repellendus animi doloribus doloribus quis.,2025-08-15
766,5,Dicta sapiente explicabo fugit placeat eos voluptas recusandae quos ex fugit et soluta perferendis.,2026-03-22
767,3,Commodi reprehenderit ducimus odio beatae saepe tempore odit adipisci accusamus aut qui.,2025-09-19
768,3,Dignissimos quos facere consectetur asperiores perferendis eaque officia incidunt unde omnis veniam quibusdam facilis dicta eaque consequatur quod blanditiis rerum.,2026-02-11
769,3,Vitae est quisquam necessitatibus nostrum earum consequuntur recusandae assumenda eius.,2026-04-27
770,2,Et ipsa quo soluta modi culpa minus quam numquam animi autem sed neque sequi est.,2026-03-27
771,2,Delectus deleniti deserunt nam nihil repudiandae maiores possimus veniam.,2025-07-03
772,4,Ex officia magni adipisci adipisci rem et sit quaerat magni nesciunt sunt occaecati iste distinctio ea ratione eos consectetur debitis provident.,2025-12-08
773,1,Laudantium laboriosam eligendi tenetur natus eaque nesciunt alias incidunt rem aliquid ab necessitatibus soluta unde hic molestias commodi.,2026-02-27
774,3,Facilis facilis dignissimos iure dolorem suscipit voluptatum expedita officiis enim rem accusantium aut commodi suscipit ducimus iusto.,2025-07-28
775,1,Ducimus voluptate quasi nobis aliquam quidem aperiam rerum nostrum voluptates dolore sapiente quia iusto ipsam.,2025-11-02
776,2,Id consequatur pariatur tempora aut labore dicta placeat quo dolor fuga.,2026-05-19
777,1,Quibusdam voluptatem quod error perferendis nisi vel ea eaque culpa nam facere placeat.,2025-07-30
778,4,Incidunt ratione libero tenetur necessitatibus quas excepturi reiciendis non quibusdam explicabo numquam sapiente.,2025-06-05
779,5,Soluta cupiditate quam quas laudantium soluta perspiciatis sint reiciendis ipsa autem dolorem sed ut eius ad distinctio vitae.,2026-03-05
780,3,Similique totam labore aut illum repellendus quae quisquam eius aliquam quas harum optio aut cum fugiat.,2026-04-08
781,2,Aspernatur commodi accusamus ab consequatur sit consectetur quaerat cum labore officiis perspiciatis excepturi explicabo recusandae ut voluptate veniam.,2026-03-04
782,4,Quod tempore laudantium recusandae delectus numquam et eaque tenetur dolorem odit sunt deserunt ratione quaerat maxime dolor.,2026-04-07
783,5,Quo neque aspernatur vero blanditiis accusamus fugit laudantium quidem architecto deserunt occaecati dolorum voluptatum maxime vero.,2025-12-01
784,1,Pariatur fugit ratione rerum dolor libero facere explicabo dolorum voluptas explicabo a necessitatibus deserunt nam dolore pariatur necessitatibus facere.,2026-04-23
785,3,Numquam sapiente iusto sed temporibus autem consectetur labore deserunt veniam velit quia maxime amet voluptatem cum porro pariatur.,2025-06-27
786,2,Non repudiandae possimus minima illum quaerat a animi corrupti adipisci omnis labore sit velit commodi nesciunt.,2025-05-29
787,5,Expedita doloribus voluptatum praesentium necessitatibus quo consectetur distinctio repellat repellat tenetur tempora maiores iure.,2026-03-30
788,2,Beatae facere ratione adipisci cumque accusamus vel minima animi inventore a non vel iure accusamus.,2025-09-16
789,2,Commodi dolore ad ipsam numquam incidunt officiis maiores quos eveniet placeat excepturi voluptatibus nesciunt.,2025-12-12
790,5,Quidem esse aliquam nulla tenetur debitis dolorum impedit eos hic ipsum magnam veritatis aut tenetur enim porro aliquam recusandae.,2025-06-27
791,3,Officiis earum optio totam placeat porro tenetur corporis laborum harum optio ut non.,2025-10-11
792,2,Similique temporibus autem quos ullam quaerat suscipit ipsum voluptas ipsam tempora nam.,2026-05-13
793,4,Natus quasi sint possimus saepe facere et earum asperiores quibusdam amet officia vel itaque corrupti inventore.,2025-11-21
794,2,Magnam numquam officiis ipsum nostrum et iste amet vitae eius.,2026-01-15
795,1,Soluta autem qui explicabo pariatur maxime corporis tempora voluptatem voluptates ipsa accusamus ipsam.,2025-09-17
796,4,Aliquam occaecati dicta exercitationem reiciendis saepe fuga ratione debitis inventore possimus nihil quidem rerum.,2025-08-10
797,3,Pariatur veniam culpa veritatis vitae quod blanditiis facilis tempora voluptatibus voluptates culpa dolorum.,2025-08-19
798,4,Mollitia exercitationem optio similique expedita nesciunt facilis consequuntur esse.,2026-02-15
799,5,Quod fugit ab molestiae quam a sit totam repellat distinctio officiis aliquid veritatis adipisci temporibus.,2026-02-17
800,5,Asperiores tenetur doloribus odio excepturi deleniti nihil eum quasi modi nulla perspiciatis voluptatum ipsam.,2025-11-26
801,3,Repellendus adipisci libero aliquam aliquid libero vel aut eius dolores sit adipisci amet eius nihil quas optio.,2025-09-26
802,3,Tempora eligendi harum ipsa optio odio sed fugit magnam praesentium ipsa soluta temporibus tempora.,2025-07-21
803,5,Reiciendis rerum qui ducimus fugiat magnam inventore minima enim molestiae libero architecto cupiditate magni sunt occaecati dolorum quas.,2026-03-02
804,1,Magnam iusto in quae placeat cupiditate odio consequatur quae nemo nesciunt reiciendis tempore repellendus culpa et quos accusamus praesentium commodi.,2025-08-25
805,2,Optio ab quaerat veniam ea quos in unde laboriosam facilis repudiandae.,2025-10-05
806,3,Beatae veritatis officiis fugit ab et molestias saepe nemo tempora illo reprehenderit est ipsam.,2026-01-09
807,5,Laudantium ratione pariatur ipsum repellendus ut repellendus quaerat harum similique laboriosam hic natus commodi magnam qui.,2025-11-17
808,4,Sed consequuntur ipsa eveniet eum delectus laudantium aperiam nemo modi libero consequatur nam laborum corporis.,2026-05-23
809,5,Error eius cumque inventore porro mollitia possimus impedit non nisi modi quos doloremque minima quos.,2025-11-10
810,2,Alias fugit laboriosam esse similique inventore nesciunt doloribus reiciendis assumenda doloribus deserunt molestias deleniti.,2026-05-14
811,5,Reprehenderit dolores reprehenderit tempore autem beatae sit ea accusantium explicabo magnam eum minima eum consequatur enim corrupti hic exercitationem.,2025-11-18
812,5,Deserunt non vel expedita provident minima et vel vero sunt dicta magnam quae at.,2026-01-21
813,3,Eveniet voluptas veritatis totam inventore soluta omnis dignissimos sapiente quae nemo quae quia.,2026-04-21
814,5,Optio architecto officiis unde eveniet placeat temporibus possimus nobis quibusdam voluptatibus quod totam inventore eaque incidunt nobis.,2025-11-06
815,2,In veniam nihil hic suscipit vel eligendi inventore similique saepe laborum nihil deleniti laboriosam quas non voluptates at.,2025-08-28
816,4,Consectetur voluptates repellendus laudantium aspernatur quis perspiciatis voluptatum est.,2025-08-14
817,2,Saepe deleniti veritatis iste aut consectetur quod reiciendis odio nemo odio.,2025-07-14
818,3,Quasi fugit repudiandae repellendus quam impedit delectus alias hic incidunt dolor recusandae nobis voluptates explicabo.,2025-12-09
819,4,Culpa deleniti consectetur consectetur dolores modi veritatis accusamus amet libero et sequi quidem saepe aperiam earum cum consequuntur.,2025-06-29
820,3,Minus deleniti veniam aliquid eius accusamus veritatis nobis qui doloribus delectus amet nesciunt velit.,2026-03-28
821,1,Non iure consequuntur earum esse ratione assumenda tenetur accusamus laborum pariatur cupiditate perspiciatis praesentium dolores ut quidem laborum occaecati.,2025-08-29
822,1,Laudantium explicabo ducimus id ipsa ipsam labore dolore eum nam autem iusto atque.,2026-05-01
823,2,Illo autem tempora doloribus dolor quo quia consectetur eaque iure amet consequuntur architecto animi odit dignissimos.,2026-02-21
824,1,Rerum dolore dolorum amet culpa nulla qui voluptas officia ex debitis enim ipsum.,2026-02-09
825,1,Dolor sunt natus rerum nobis nobis aliquam ipsum beatae nobis corporis ipsam.,2025-09-17
826,2,Doloribus possimus facere iure ullam veniam reiciendis assumenda qui in perferendis voluptatem alias unde hic officiis perferendis nisi aliquid quaerat.,2026-04-03
827,1,Deleniti dolorum dolor eaque dolorum reprehenderit quibusdam natus recusandae nihil ducimus culpa quis.,2025-08-04
828,4,Occaecati iure corrupti ullam vero id magnam eum iure.,2025-06-21
829,4,Sed magni sunt ipsum molestias pariatur autem nobis dolor.,2025-08-27
830,5,Quibusdam dolor accusamus nihil tempore pariatur distinctio voluptate exercitationem quasi incidunt vero ut suscipit eligendi fuga impedit laboriosam mollitia.,2025-05-29
831,5,Vitae omnis dolores earum in dolor delectus enim fugiat officiis voluptas pariatur sequi minus.,2026-01-12
832,1,Ex quibusdam quasi ex iure libero et voluptates architecto voluptatibus.,2025-11-17
833,2,Autem quas voluptatibus id perferendis facere repellendus facere neque eveniet illum aliquam ut ullam ullam.,2025-07-17
834,1,Provident ipsum et delectus sapiente qui maiores odit at natus delectus suscipit eveniet.,2026-05-17
835,2,Excepturi laboriosam nesciunt fuga quam iste consectetur laborum impedit earum eligendi vel esse.,2025-06-22
836,4,Delectus sed aliquid aspernatur ratione culpa nihil consequuntur accusamus quod.,2026-04-13
837,4,Odit corrupti tempora perferendis non cumque odit adipisci quaerat perferendis velit esse hic consequatur ea.,2025-06-30
838,1,Rem perspiciatis pariatur repellat dicta amet molestias molestiae distinctio voluptatum eos libero itaque numquam amet voluptate magni.,2025-11-20
839,5,Esse inventore hic non porro dolore ut reprehenderit perspiciatis natus est maxime magni soluta.,2025-10-23
840,3,Temporibus accusamus eveniet neque ex odio cumque labore delectus fugit quibusdam corporis rem quod eveniet.,2025-05-26
841,1,Laborum odio esse repudiandae impedit molestiae quaerat quae labore amet placeat iusto.,2025-07-12
842,3,Quos perspiciatis ducimus dolorum soluta inventore id aliquid aut vero nobis quia.,2025-08-26
843,1,Molestias voluptatem sit id magnam molestias quidem quia possimus veritatis.,2026-04-17
844,3,Vitae earum dolorum tempora ducimus accusantium doloribus vel quis perspiciatis numquam assumenda vero numquam eum reiciendis dolorem error aliquid natus.,2026-04-14
845,2,Dolorem omnis sit molestias molestias commodi neque deleniti iusto nesciunt rem officia ratione dignissimos vitae nobis quos occaecati nostrum.,2025-08-31
846,1,At perferendis culpa ut adipisci harum atque quisquam debitis.,2026-04-02
847,2,Occaecati dolores aut corrupti asperiores deserunt repellendus hic quis.,2025-08-24
848,4,Perspiciatis enim a mollitia aspernatur laborum delectus commodi nisi incidunt deleniti rerum delectus.,2026-02-15
849,2,Nobis tempore veniam atque quo laborum eum temporibus possimus accusamus praesentium porro omnis odit quibusdam.,2025-08-27
850,2,Veritatis fugiat exercitationem vero distinctio quidem vel sed minus ducimus.,2025-08-05
851,2,Quos magni quod beatae totam est quaerat esse nulla beatae voluptate animi quaerat.,2025-08-11
852,5,Iste consequatur consequuntur voluptas temporibus sapiente amet numquam omnis quasi maxime similique molestias quas eligendi quae odit debitis dignissimos.,2025-10-23
853,1,Fugit perspiciatis ad similique sit dolor eaque asperiores doloremque placeat quidem.,2025-07-01
854,5,Quae fugit facere omnis aliquam cum dolore atque iusto expedita enim minus.,2025-11-21
855,4,Cumque harum perspiciatis aut quidem id magni beatae inventore ullam recusandae quia illum.,2025-05-29
856,4,Veritatis ab eum ex magni soluta quidem inventore doloremque accusamus cupiditate.,2026-03-31
857,2,Nemo assumenda placeat ut excepturi odit ad veniam accusamus recusandae aspernatur maxime quod aperiam exercitationem ipsum recusandae a ea eum.,2026-02-20
858,5,Eos ut ipsum doloremque libero dolorum iste laudantium quasi nam quas voluptatum officiis hic optio rerum excepturi magni eum.,2025-10-30
859,5,Assumenda temporibus ipsam iste nisi ipsam ut consequuntur deleniti.,2025-12-02
860,2,Blanditiis porro tenetur consectetur facere at culpa repudiandae ducimus.,2025-08-23
861,5,Tempora sed modi asperiores nulla aliquam adipisci esse illo aperiam perferendis odit rerum sequi labore aspernatur at.,2025-10-09
862,3,Pariatur earum expedita repellat ipsam ipsa magni illo deserunt.,2025-12-13
863,5,Cum veritatis recusandae repudiandae ipsum optio ad odio molestiae aspernatur.,2025-12-08
864,3,Molestiae omnis blanditiis aperiam commodi voluptatum veniam earum tenetur praesentium libero possimus iure.,2025-10-24
865,4,Temporibus nesciunt excepturi eaque id adipisci laborum necessitatibus ratione ipsum esse asperiores tempore sit iure reiciendis.,2025-12-09
866,5,Sunt pariatur nam dolorum voluptates vero esse magnam cum itaque consequatur.,2026-01-20
867,5,Quas animi totam odio officia delectus eaque natus labore doloremque provident libero.,2025-08-17
868,2,Vero nulla soluta deleniti occaecati excepturi labore placeat accusamus praesentium ducimus tempora nostrum nemo id incidunt quae.,2025-11-12
869,5,Est fugit modi eaque perspiciatis dolorum nam eum quis recusandae expedita quae nobis mollitia mollitia optio illo ratione culpa.,2026-01-13
870,3,Ex voluptatem dolorem doloremque est a hic culpa sequi illum deserunt earum animi.,2025-10-04
871,4,Porro consequatur fugiat porro ducimus porro exercitationem voluptas impedit illo reiciendis minus in.,2025-11-01
872,1,Deserunt itaque eligendi eaque facilis quaerat qui sunt velit dignissimos sit ut assumenda.,2026-05-06
873,3,Iusto eaque nemo eos necessitatibus laboriosam enim quisquam aspernatur mollitia.,2025-07-22
874,1,Debitis numquam error dolores autem facilis cum beatae voluptatem illum quibusdam odit cupiditate dolorum.,2025-08-31
875,2,Enim nesciunt soluta voluptatibus cupiditate ipsam dignissimos dolor tenetur nulla sunt fugiat officia repellat facere sequi.,2025-12-20
876,1,Iure repellat ea voluptatem officiis reiciendis dolore eius sunt debitis.,2025-12-21
877,2,Aliquid vero repellat nam ea qui voluptatum ad magnam consequuntur illo error veniam.,2026-02-03
878,3,Modi perspiciatis voluptatem velit est quia voluptates odio ullam odio accusamus in quia harum quas fugiat sint occaecati.,2026-05-12
879,3,Quibusdam totam non sunt corporis similique aperiam totam nisi praesentium alias excepturi incidunt.,2025-08-13
880,5,Ipsa expedita ab autem cum a quas deleniti impedit a ducimus amet tenetur laboriosam.,2025-08-12
881,5,Unde numquam impedit voluptatum similique vitae odit beatae cupiditate mollitia suscipit eaque praesentium molestias consequuntur alias iure hic fugit.,2025-08-04
882,2,Repellendus quibusdam iste soluta cum ut officia enim eius earum ducimus accusamus labore sapiente cumque provident modi incidunt quaerat explicabo.,2026-04-05
883,1,Cumque provident sapiente qui provident nobis itaque eum iusto ipsa tempora tempore praesentium non cupiditate dolorem.,2025-09-30
884,3,Et labore iusto reprehenderit odit sed distinctio ipsam accusamus est numquam aliquam nesciunt non quas.,2026-03-05
885,2,Aut a eligendi sed necessitatibus voluptate exercitationem repellat quia soluta minus quisquam odio nulla vitae incidunt accusamus nulla distinctio.,2026-01-08
886,3,Perspiciatis tenetur hic tenetur eveniet aspernatur cupiditate animi magnam consectetur cumque consequatur est omnis.,2025-07-29
887,2,Minima soluta consectetur eius nesciunt aperiam expedita ratione odio eum.,2026-01-24
888,3,Dolores culpa eius doloribus quo quisquam veniam ex reprehenderit quam impedit placeat facere quo itaque dolore.,2025-12-21
889,1,Nam quibusdam quas quas quibusdam ex cupiditate velit vel quia repudiandae in recusandae.,2025-08-04
890,4,Aspernatur laudantium eveniet cumque culpa laboriosam quibusdam tenetur numquam.,2025-08-05
891,2,Placeat sed incidunt soluta distinctio numquam libero perspiciatis nesciunt vel nulla consequuntur reprehenderit optio excepturi alias a nam quis.,2026-04-14
892,3,Necessitatibus aspernatur consectetur corporis natus eum suscipit dolore possimus exercitationem provident dicta velit sit fugiat.,2025-09-18
893,2,Ex nostrum impedit est quam quibusdam accusantium animi explicabo ad ratione dignissimos suscipit.,2025-09-16
894,5,Architecto nisi minima deleniti corporis debitis fugit expedita nobis rerum.,2026-04-05
895,5,Porro aliquam aut veritatis architecto assumenda sunt fugit voluptatibus dicta repudiandae rem doloremque.,2025-06-29
896,3,Repellendus eos assumenda officiis dolorum officiis sint amet debitis accusamus non dicta dolore tenetur molestiae quasi placeat architecto.,2026-05-04
897,5,Dolores impedit quam quam impedit vel quos iste sequi exercitationem veritatis fugiat explicabo error nulla animi dolorum vitae beatae ex.,2025-11-09
898,1,Dicta quo quam autem amet fugit dignissimos et dignissimos reprehenderit modi quasi consequatur.,2026-04-25
899,3,Deleniti veniam aspernatur facilis quia architecto voluptate maxime excepturi quos iure corporis dolorum.,2025-11-26
900,4,Consequuntur recusandae accusamus ipsam quaerat eum voluptatum quia error repellendus labore culpa ut temporibus in eligendi voluptates.,2025-10-22
901,1,Optio iste soluta tempora iste amet nesciunt amet necessitatibus repudiandae ullam exercitationem pariatur.,2026-01-27
902,5,Dolorem reiciendis vero magni dignissimos iure beatae fugiat debitis eaque voluptates nam.,2026-05-18
903,4,Nihil tempora quaerat veritatis error nobis veritatis fugit quam numquam.,2026-04-26
904,3,Quibusdam praesentium eius saepe hic voluptatum voluptatum inventore quisquam corporis.,2025-08-28
905,1,Ab ducimus voluptas cumque sit voluptatem soluta qui fugiat modi ex laudantium ab architecto nihil quis nobis expedita aliquid tempora.,2025-12-11
906,5,Fugiat vel quibusdam nulla quidem incidunt corporis odit exercitationem aliquid consectetur magnam adipisci reiciendis.,2025-08-07
907,2,Pariatur itaque tempore adipisci odio dolores praesentium incidunt perferendis autem atque optio accusamus laborum.,2025-12-07
908,5,Consectetur placeat assumenda suscipit expedita eum debitis exercitationem officia quaerat quae pariatur dicta commodi natus id porro magnam ullam vero.,2025-05-31
909,2,In sunt maxime magni expedita quia autem eveniet saepe.,2026-03-06
910,1,Aspernatur in nam neque error aliquam dolores vel dolores dolorum odit exercitationem sunt et possimus blanditiis.,2025-06-13
911,4,Dolor nesciunt impedit deleniti consectetur temporibus ut magni fuga non.,2025-10-07
912,5,Nisi aspernatur corporis quae temporibus iste qui est saepe praesentium.,2025-08-02
913,5,Neque mollitia minima necessitatibus repudiandae occaecati voluptatibus qui assumenda incidunt dolore expedita libero amet provident harum.,2026-04-07
914,2,Debitis expedita natus aspernatur dolorum doloremque velit consequatur eligendi nesciunt quaerat ab.,2025-10-14
915,3,Hic voluptate quidem at repudiandae similique doloribus voluptatum officiis saepe facilis exercitationem repellat a ratione cupiditate accusamus deleniti.,2025-11-03
916,2,Iusto odit explicabo iste hic quasi cumque non est aperiam reiciendis sunt saepe quae dolor quia.,2026-03-17
917,3,Dicta dolor consectetur quisquam cupiditate ipsam sint voluptates dignissimos recusandae consectetur quam ratione saepe aspernatur nam porro corrupti.,2026-04-11
918,4,Rerum molestiae placeat inventore repudiandae provident nesciunt magni voluptates vitae optio natus dicta.,2025-08-04
919,1,Quae atque ut magnam aspernatur laborum nobis repellat distinctio hic.,2025-08-16
920,4,Hic hic quam nulla laboriosam magni officiis culpa veritatis eveniet maiores excepturi deserunt voluptate laudantium aliquid.,2026-01-09
921,1,Pariatur nobis voluptates adipisci dolore facere exercitationem porro pariatur autem dicta quae.,2025-10-31
922,5,Commodi porro veritatis ex iste atque occaecati aliquid rem quos dolorum fuga magnam nam itaque.,2025-10-13
923,2,Commodi similique id corrupti sed numquam recusandae nobis magnam cum.,2026-03-15
924,4,Vero dolores magnam cumque a quae eveniet eius iure libero eaque at id assumenda sequi ipsam saepe consequuntur temporibus cumque.,2025-08-10
925,2,Praesentium rem harum saepe omnis omnis provident natus repellendus suscipit vero.,2025-09-16
926,4,Esse sequi neque eos perferendis quia ducimus similique itaque rerum voluptates sint asperiores sunt ullam modi ipsa numquam accusamus.,2025-06-24
927,5,Provident nesciunt at facilis expedita id ipsam deleniti veniam.,2026-02-12
928,5,Possimus voluptate quos facilis vel nihil deleniti rem unde neque eligendi culpa itaque impedit autem quod perferendis illum provident.,2025-07-12
929,5,Modi voluptatum ipsa a consequuntur temporibus temporibus unde quae mollitia molestias velit culpa quis neque incidunt sequi inventore.,2026-01-17
930,2,Ipsam velit dicta ipsam eos dolorum dolore tempore facere laboriosam itaque aut occaecati.,2026-04-17
931,3,Expedita optio eveniet rem saepe sed nihil laudantium alias.,2025-10-15
932,3,Hic iste nobis asperiores dolorum nisi nihil quia exercitationem voluptates tempora officiis libero.,2025-06-07
933,5,Quaerat amet explicabo voluptas inventore commodi sed ex voluptatem consequatur nihil debitis saepe.,2026-04-08
934,1,Consectetur earum libero magni aliquid adipisci eveniet amet accusamus at eos commodi et ratione quisquam accusamus.,2025-06-14
935,4,Architecto neque animi suscipit alias distinctio magni eum hic.,2025-10-19
936,3,Occaecati quas eligendi sapiente quidem doloremque nemo voluptas mollitia eius distinctio nemo et.,2025-11-26
937,2,Fugiat architecto dolor autem vero expedita commodi optio odit omnis quae facere architecto assumenda temporibus omnis deserunt explicabo error.,2025-12-10
938,3,Neque cumque neque aperiam delectus natus numquam qui nihil.,2025-07-23
939,1,Quis consequuntur nam quae perspiciatis voluptates harum inventore voluptatibus harum cumque quas neque.,2025-12-18
940,2,Tempore saepe tempora quos rerum accusantium distinctio nostrum voluptate mollitia modi enim pariatur officiis accusantium.,2025-11-25
941,5,Magni illum cum quidem optio odio sit reprehenderit provident debitis.,2025-10-09
942,5,Doloribus cumque a commodi ut nam mollitia blanditiis dolore sint aspernatur iusto impedit exercitationem repudiandae illo.,2026-03-10
943,4,Laudantium nihil voluptates quos repellat nam non quis soluta animi culpa voluptas voluptatibus eum ipsa alias magnam.,2026-05-01
944,2,Dolores saepe distinctio accusamus ipsa minus beatae sit cumque quis iusto ut.,2026-02-10
945,3,Eum quibusdam iure deleniti illo nemo impedit veniam praesentium atque quia et iste quisquam explicabo quaerat.,2026-03-05
946,1,Perspiciatis veniam maxime corporis sequi consequuntur in sapiente nobis voluptas provident repellendus facilis aut.,2026-03-27
947,1,Reprehenderit et inventore tempora ratione molestiae exercitationem eum incidunt quasi.,2026-01-19
948,5,Voluptatibus officiis animi impedit sint voluptatibus ab non dicta quasi voluptatibus similique dolore inventore praesentium debitis laborum magni.,2026-03-09
949,3,Amet ullam error quia exercitationem dicta dolores dignissimos molestiae corrupti error voluptas facere eius eum amet aspernatur.,2026-05-16
950,3,Quam sequi vel odit illo modi ab odit rem vero voluptatum qui tenetur iure fugiat.,2025-06-02
951,1,Quibusdam harum cum ut maiores odio neque iure quasi laboriosam quam debitis tempora dolor iusto distinctio nam officiis eius.,2025-12-18
952,4,Quidem quibusdam possimus impedit atque voluptatibus deleniti commodi nostrum debitis nemo eligendi quo quae cupiditate vitae dolore magni possimus.,2025-09-24
953,1,Delectus dolores neque sint atque magnam earum facilis aperiam molestiae cum molestiae minus ullam dolores ea.,2025-12-05
954,2,Amet doloremque illo adipisci temporibus culpa corrupti labore eveniet.,2025-08-21
955,2,Sit ab voluptates neque quidem veritatis facere aut repudiandae magnam quae omnis at corporis.,2026-02-08
956,5,Animi in sed illum modi harum vero distinctio ipsa amet perspiciatis reprehenderit velit cupiditate accusantium.,2025-08-29
957,3,Sed molestias debitis nisi officiis enim iure soluta distinctio distinctio id doloribus.,2025-08-16
958,4,Eos aliquam iusto quia voluptas corrupti quo doloremque dignissimos tempora est aliquid repudiandae eligendi suscipit libero necessitatibus occaecati inventore.,2025-07-09
959,2,Ducimus officiis dolore voluptatum alias velit aperiam veritatis atque illum quisquam inventore voluptates.,2025-06-02
960,1,Minima facilis et asperiores quibusdam modi ex nostrum unde veritatis corrupti.,2025-11-12
961,5,Explicabo quisquam aut a est incidunt alias quasi quo quibusdam qui ratione delectus harum ab in accusantium aut ea.,2025-06-18
962,5,Dicta repudiandae numquam tenetur quaerat tempora consequatur est asperiores ad harum laudantium molestias eum iusto.,2026-05-01
963,3,Sed corporis asperiores expedita soluta tenetur earum tempore quo nemo expedita quia sed.,2026-02-25
964,1,Itaque reiciendis odit accusamus iure cupiditate maiores ad doloribus.,2025-12-29
965,2,Voluptatibus odit quibusdam saepe inventore atque molestiae doloremque dolore.,2025-06-01
966,5,Quod libero aspernatur iste quis explicabo quasi architecto natus reiciendis mollitia cumque.,2026-01-05
967,1,Debitis ab quos magni perferendis molestias explicabo officiis aliquid nesciunt voluptatum explicabo beatae ipsam hic a voluptas culpa non cumque.,2025-09-27
968,1,Sed quis labore dolorem quae eius ullam aperiam suscipit.,2026-04-19
969,4,Dolores doloribus vitae quibusdam facilis quia cumque dolorum id corrupti voluptate natus magni eligendi.,2025-06-19
970,3,Quis ut voluptate perspiciatis doloremque odit explicabo distinctio nesciunt.,2025-06-18
971,3,Culpa quasi quidem qui accusantium dolore ad illum ducimus atque nam omnis repudiandae nihil.,2026-03-29
972,1,Maiores repellat ex animi rerum vel maiores libero autem.,2025-12-25
973,4,Adipisci et nam tenetur iure cupiditate animi amet ducimus ducimus nemo doloremque autem asperiores commodi velit sequi ab dicta ducimus.,2026-01-25
974,4,Minus suscipit porro totam minus eveniet ut quidem laboriosam quos nisi illo veniam ipsam dolor fugiat.,2025-09-05
975,1,Quisquam sed recusandae ea corporis nam molestiae deserunt maxime distinctio.,2025-12-13
976,4,Explicabo similique ratione perspiciatis nesciunt eligendi esse neque quo blanditiis accusantium.,2025-07-22
977,5,Non provident laboriosam ipsam consequatur ullam in enim nam amet pariatur atque deserunt iusto architecto et.,2026-04-08
978,2,Rerum mollitia dolorum doloribus harum eaque non sunt maiores quidem dolore distinctio numquam.,2026-02-11
979,5,Dolores facilis qui sunt id maxime modi exercitationem debitis rem saepe sunt enim sint at.,2025-10-01
980,5,Nulla nobis saepe esse voluptatem earum laudantium perferendis omnis sequi alias quis veritatis.,2025-05-24
981,1,Nemo impedit modi nobis facilis recusandae voluptate excepturi laboriosam.,2026-05-03
982,2,Doloremque harum quod adipisci dicta porro accusantium iusto tenetur illo temporibus quas atque amet sint accusantium repellat.,2025-08-25
983,3,Vitae et numquam eius dolor labore quae cum aut placeat optio magni optio reiciendis perspiciatis incidunt unde nihil.,2025-12-04
984,4,Eum iure doloremque doloribus quis blanditiis ea similique ipsam nam quae ipsum totam velit harum repellat.,2025-11-03
985,2,Molestias architecto voluptas sapiente nesciunt blanditiis sed quidem numquam sed magni tenetur.,2026-05-14
986,3,Ea veritatis nesciunt numquam illo odit eos quaerat expedita voluptatum quod soluta.,2025-06-07
987,3,Iure dolorem provident eius iste impedit commodi eum natus voluptas accusantium reprehenderit.,2025-11-23
988,3,Quibusdam rerum ducimus quae sed earum esse a quia earum quos fuga aliquid dolores similique commodi quas.,2026-01-23
989,5,Voluptas aliquam quisquam non culpa illum qui debitis natus optio ex recusandae culpa unde.,2026-01-02
990,1,Ea nihil laborum reprehenderit nobis tempore fugiat reiciendis odit nisi porro repellat illum reprehenderit.,2025-07-07
991,3,Voluptatibus ipsum velit magni saepe saepe praesentium velit voluptas doloribus pariatur tenetur tenetur saepe eum.,2025-11-06
992,1,Quia corporis officia nihil recusandae possimus libero blanditiis eum quaerat a odio labore unde praesentium ducimus vitae culpa fugiat recusandae.,2025-08-12
993,3,Eos dicta aut placeat sed iure corporis quod a.,2026-01-28
994,2,Voluptatibus sunt nemo provident porro aut inventore qui eveniet illum reiciendis.,2025-11-30
995,4,Debitis possimus culpa quam totam porro distinctio molestias aut tenetur illum id ut cumque.,2025-06-21
996,2,Alias qui est veritatis id voluptates doloremque architecto magni voluptatum earum laboriosam excepturi amet eligendi rem voluptates.,2026-04-09
997,4,Culpa officiis placeat ipsa accusantium possimus autem quae praesentium adipisci repellat hic aperiam ducimus praesentium sit iusto atque.,2025-08-30
998,5,Culpa quo animi repellendus inventore ipsa illo eum omnis eveniet quasi.,2025-07-07
999,2,Eius occaecati officiis porro illum natus dolore dolore cumque vitae quia totam.,2025-10-22
1000,2,Mollitia accusamus mollitia architecto voluptate maxime veritatis iste delectus dolore quod ipsam nam vel officiis harum explicabo.,2025-08-03
1001,2,Consequatur beatae blanditiis ipsam voluptatibus expedita facilis libero facilis vero numquam fuga natus minus suscipit eaque.,2025-10-17
1002,3,Consectetur deleniti unde nesciunt saepe voluptas molestias inventore cupiditate ut.,2025-07-18
1003,3,Id corrupti id et ad fugit deleniti pariatur aperiam assumenda reiciendis veritatis sit ipsum veritatis asperiores nesciunt labore maxime.,2025-10-06
1004,5,Ex architecto voluptatem iste dicta quisquam dolorum sint minus accusantium architecto voluptatibus incidunt cum deserunt eaque quis id placeat aspernatur.,2026-03-17
1005,2,Vel rem inventore excepturi corrupti consequuntur sed ratione temporibus quo aliquam.,2025-06-23
1006,2,Atque voluptatibus autem minus autem nesciunt ipsam nulla modi aliquam saepe nobis voluptas dolorum ipsum ratione error pariatur.,2025-07-30
1007,5,Repellat tempora maiores laborum unde dolorum quas maxime accusantium maiores rem.,2025-06-07
1008,2,Sit ex omnis voluptatibus aliquam blanditiis accusamus dolor quae ad voluptatibus mollitia qui possimus tempora excepturi voluptatem quae exercitationem odit.,2026-03-14
1009,3,Repellat nihil alias delectus autem doloremque architecto illum impedit esse ad consequatur odio cum veritatis enim inventore.,2025-06-05
1010,5,Repudiandae quod corporis beatae provident quam expedita minima deleniti quod amet repellendus eaque magni nam saepe nesciunt.,2026-03-15
1011,4,Nisi sed harum similique corrupti doloribus aspernatur sapiente quia fuga voluptas explicabo quaerat sit quis.,2026-03-10
1012,5,Explicabo sed ullam occaecati distinctio eligendi nemo exercitationem animi doloremque magnam perferendis id officiis id explicabo.,2026-03-04
1013,3,Harum soluta provident natus eum recusandae consectetur consectetur dolorem iusto corporis earum quas voluptatem totam harum atque delectus atque.,2026-04-19
1014,5,Pariatur necessitatibus repellendus ut facilis dolorum molestias blanditiis quia porro sequi dicta doloribus.,2025-08-24
1015,1,Maxime fuga odio unde saepe perferendis labore minus natus.,2026-02-18
1016,3,Commodi cupiditate inventore fugit fugit deserunt fuga totam impedit consequuntur itaque porro consequuntur impedit doloremque rem iusto dolorem.,2026-03-10
1017,1,Commodi dignissimos qui provident voluptatum vitae odio iusto natus quibusdam veritatis cum vitae.,2025-12-11
1018,4,Tempora accusantium similique libero perspiciatis ad consectetur eos sint accusantium quibusdam.,2025-10-25
1019,3,Enim iste quod pariatur eius voluptatibus saepe eligendi doloribus asperiores quia delectus dolores praesentium repudiandae inventore optio incidunt iusto.,2025-10-09
1020,3,Odio suscipit in laborum quia iusto officia consequatur amet unde aspernatur sit eos mollitia magni doloribus iusto nam hic.,2026-03-07
1021,2,Odit ipsum quae ratione quidem officia deleniti ut ut consequuntur.,2026-03-30
1022,2,Distinctio dolorem nulla consequatur consectetur suscipit laudantium iste delectus itaque facere perferendis aliquid voluptatum omnis.,2026-02-18
1023,1,Minima exercitationem at vel eligendi est voluptatum dolorem fugiat minus nesciunt id quisquam laudantium rerum sit debitis quos.,2025-07-14
1024,5,Iure tempore numquam sunt quo doloribus optio recusandae est quidem animi fugit praesentium quam.,2026-01-07
1025,5,Placeat debitis excepturi consectetur odit corrupti voluptate et illum sequi quae provident labore.,2025-08-06
1026,5,Illum voluptates officia minima recusandae maxime quis maxime ipsa quaerat quia aspernatur dolore nemo.,2026-01-25
1027,5,Quaerat quos eveniet quos consequatur voluptas beatae nam quibusdam cupiditate veritatis ex occaecati assumenda eligendi distinctio laborum in id deserunt.,2026-01-25
1028,2,Fugiat rerum eos vero velit soluta perspiciatis necessitatibus provident mollitia occaecati repellat recusandae accusantium mollitia officia ad adipisci quia debitis.,2025-06-06
1029,1,Pariatur nisi hic eum eum eum excepturi ducimus nesciunt quidem aliquam praesentium ipsum odio quos voluptatibus.,2025-11-21
1030,1,Optio ab quae occaecati explicabo possimus tempore earum omnis.,2025-06-05
1031,4,Similique tempore eos voluptate porro vero incidunt provident consectetur error maiores sequi veniam exercitationem itaque nesciunt culpa ex.,2026-03-16
1032,5,Officiis sint ducimus quis doloremque doloremque inventore fuga ipsum laborum ipsam dolorum.,2025-07-18
1033,4,Harum rerum ex sequi eum dignissimos architecto error officia ipsa at.,2025-05-24
1034,3,Iusto labore occaecati placeat delectus magni veritatis impedit velit.,2026-02-18
1035,4,Nisi laboriosam eaque hic suscipit voluptatem nobis libero pariatur labore recusandae tempore quibusdam itaque quibusdam cumque quisquam fuga incidunt.,2025-09-14
1036,4,Quos quasi dolor expedita deserunt ut sed nemo quaerat sunt eveniet ipsum quasi.,2026-03-14
1037,2,Laudantium eum ab voluptas quis quia optio debitis porro officiis error itaque harum veniam impedit perspiciatis.,2026-02-14
1038,2,Delectus fugiat ea possimus ratione dignissimos illo ut autem nemo.,2026-05-07
1039,4,Similique totam ex praesentium ducimus neque quis nesciunt aperiam non excepturi suscipit.,2026-05-16
1040,3,Dolor accusantium officiis dicta corporis unde recusandae amet perspiciatis harum animi magni sit vitae repellat sed.,2025-10-24
1041,2,Sit saepe magnam at qui facilis sint quidem soluta porro.,2025-06-14
1042,2,Quibusdam voluptatibus occaecati nobis facilis cum ullam suscipit quisquam nisi neque molestias ipsam iusto aperiam facere maxime nesciunt.,2026-02-08
1043,1,Labore voluptates possimus ullam fugit quisquam ut eveniet provident.,2026-02-22
1044,4,Voluptate velit ab omnis nemo dolor possimus autem voluptatem hic nemo iusto.,2025-07-12
1045,4,In culpa dolorum quidem sapiente enim facere laboriosam possimus quia voluptatibus minima cupiditate.,2025-06-05
1046,3,Officia aperiam nihil recusandae quidem labore pariatur tenetur excepturi nobis culpa possimus facere consectetur molestias nam pariatur sit tempore deserunt quos.,2025-10-01
1047,2,Quisquam molestias sit debitis unde reiciendis explicabo corporis sequi minima libero.,2025-10-17
1048,4,Quas deserunt rem nisi illum laborum culpa minima est qui eaque eius facere alias placeat tempore.,2026-05-02
1049,5,Aut ab vitae voluptatum veniam quas aliquid molestias vel laboriosam illo est vel.,2025-11-10
1050,3,Quibusdam quia excepturi beatae accusamus minus autem natus odit suscipit reprehenderit laborum laudantium vitae ducimus.,2025-11-03
1051,5,Aspernatur distinctio minus quo molestias incidunt deserunt fugit odio harum ex vel doloremque repellendus ipsam quia illum.,2025-08-04
1052,5,Dicta laboriosam tempora corporis recusandae ut inventore tempora magnam nulla asperiores a dolor.,2025-08-22
1053,5,Dignissimos suscipit libero enim et eum cum nobis ab tenetur a labore quibusdam ad.,2025-06-29
1054,1,Sint odit incidunt nisi earum veniam laborum doloremque voluptas fugiat nemo quibusdam vel neque non at quibusdam laborum.,2025-08-30
1055,1,Harum facilis nostrum officia minima minima rem magni nisi perspiciatis temporibus sit iste.,2025-10-04
1056,4,Beatae occaecati modi vero eaque recusandae nobis hic ullam doloribus natus debitis laboriosam.,2026-05-02
1057,2,Labore eius ipsa culpa consequuntur magni maiores ipsam fugit repellendus quos totam aspernatur molestias natus maxime ex laudantium.,2025-08-31
1058,5,Sed dolore quas repellendus aliquam quod ullam eum accusamus enim qui ipsa fugit mollitia eligendi eum necessitatibus nemo eius.,2025-11-02
1059,1,Enim commodi omnis sit aut consequatur nostrum doloribus sunt animi voluptatem illo.,2025-08-11
1060,4,Dicta soluta deserunt quae nostrum iusto ut reprehenderit perferendis accusantium id repellat magnam.,2025-09-01
1061,1,Nisi totam minima nam quisquam eveniet iusto officiis mollitia quod ratione.,2026-02-15
1062,3,Iure vel dolorum nihil iusto dolor odit maiores dolorum ipsa harum ad.,2025-10-10
1063,4,Omnis voluptatum magnam eveniet ex accusamus sunt animi odit eius facilis aliquid provident nobis culpa non voluptate voluptatibus.,2025-12-19
1064,3,Placeat accusantium ipsam doloremque delectus veniam illo corporis maxime.,2025-09-29
1065,2,Enim dolores ex esse aspernatur expedita libero architecto ipsam dignissimos mollitia quo quam ratione cum.,2025-10-19
1066,3,Mollitia quaerat nihil sed mollitia perferendis voluptatem perferendis esse libero quae quisquam porro rem facilis.,2025-07-14
1067,1,Excepturi occaecati consequuntur maxime sit veniam alias iste praesentium ad aspernatur deleniti aliquid non ipsum aperiam.,2025-06-04
1068,5,Modi et molestias mollitia quos repudiandae delectus sint maxime ex ipsum.,2026-03-12
1069,4,Quo beatae voluptatem quam cupiditate assumenda labore laboriosam a suscipit porro necessitatibus repudiandae minus minus alias nam placeat magnam.,2025-06-27
1070,4,Quod quis ut incidunt cum modi incidunt pariatur aliquid id laboriosam voluptatum expedita explicabo quos quasi quidem.,2026-04-07
1071,5,Enim repellat et quia odit suscipit laboriosam omnis explicabo accusamus aliquam eveniet repudiandae quibusdam officiis.,2026-03-27
1072,2,Molestias ad molestiae eum eveniet ipsum distinctio laborum eos facere labore corrupti minima corrupti velit accusamus enim fuga.,2025-07-28
1073,5,Quasi vel esse doloribus illo accusamus perferendis incidunt perspiciatis beatae exercitationem facilis fugit ipsa doloremque eligendi provident.,2026-03-15
1074,4,Optio explicabo aliquam sit est mollitia alias odit nesciunt consectetur labore illo tempora numquam alias officiis est.,2025-10-24
1075,3,Numquam ex officiis qui sequi officiis magni aliquam perspiciatis ratione hic natus illo laborum.,2025-10-05
1076,1,Esse eveniet magni quia laborum minima dolore expedita quos quo sit pariatur.,2026-02-21
1077,4,Earum odio quos occaecati quae illo dolorum non quo quas ea distinctio tenetur.,2025-07-25
1078,2,Accusantium praesentium sit quam sint molestiae qui libero cumque et error porro fugiat qui amet neque veniam distinctio libero.,2025-10-03
1079,1,Veritatis magnam blanditiis id illo modi natus dolore accusantium.,2026-01-15
1080,3,Molestias fugit autem debitis atque amet fugit eveniet unde harum corrupti ipsa beatae sint dolor autem ipsam nisi iste cupiditate sint.,2025-06-03
1081,2,Explicabo libero quia nesciunt est eius alias animi natus magni quos blanditiis temporibus officiis at excepturi libero ut alias eius.,2026-03-21
1082,1,Vel repudiandae eaque tenetur dolorum assumenda impedit alias eaque quisquam fuga inventore eligendi exercitationem optio qui.,2026-03-26
1083,4,Nobis recusandae qui enim voluptates ducimus optio saepe reiciendis beatae dolor.,2025-07-03
1084,3,Nam ducimus magni repudiandae consequatur nobis repellat repellat ipsam nisi ut quasi est cupiditate labore impedit provident.,2026-04-10
1085,5,Eligendi perspiciatis est ea quis earum reiciendis ipsa commodi explicabo eligendi eveniet exercitationem assumenda deserunt repellendus inventore corrupti.,2025-05-26
1086,4,Dignissimos ducimus commodi porro exercitationem sapiente nemo expedita ut sit.,2025-09-04
1087,5,Facere consequuntur laboriosam ab illo molestiae odit magni earum soluta ullam possimus ipsa iusto corrupti deleniti esse porro delectus nulla laborum.,2026-03-03
1088,4,Quasi dolorum illum culpa dolorum culpa illum ipsum totam inventore.,2025-08-15
1089,4,Ipsa nostrum tenetur recusandae similique neque sapiente quis modi ipsum provident quibusdam nesciunt corrupti.,2026-05-01
1090,2,Enim non deserunt asperiores impedit expedita suscipit culpa sint quas sunt illum ea repellendus vitae a placeat dolorem officiis.,2025-12-03
1091,5,Officia distinctio delectus deleniti id temporibus quae dignissimos autem ipsum accusamus doloribus aliquam dignissimos perspiciatis dolore dicta.,2025-06-20
1092,2,Recusandae optio suscipit atque accusamus id eius repellendus culpa incidunt modi sit sit dolore minus.,2026-03-01
1093,2,Officia facilis deserunt beatae eius suscipit tempora natus molestias atque laborum ea assumenda et rem accusantium fugiat incidunt magnam sapiente.,2026-02-21
1094,1,Quaerat explicabo enim alias consequuntur totam officiis repellat est veritatis mollitia non corporis.,2025-10-21
1095,3,Autem quos voluptatibus corporis vero incidunt odit velit quod excepturi veritatis commodi animi enim aspernatur.,2025-12-16
1096,4,Sapiente suscipit libero officiis hic quae sunt aperiam natus nostrum odit delectus veritatis minus in fugiat voluptatem dolor.,2025-12-27
1097,2,At hic ut perferendis cum enim ipsam dolorem voluptates amet placeat iste unde quidem neque deserunt ab tempora culpa.,2026-03-24
1098,2,Exercitationem ratione pariatur debitis recusandae laboriosam odio voluptates vel.,2026-02-09
1099,1,Eligendi repudiandae tempora ipsum minima modi minus cupiditate doloremque iure minus suscipit vel corrupti quos dignissimos consequatur iste.,2025-07-09
1100,3,Vitae eveniet alias error perferendis perspiciatis mollitia veritatis tempora laudantium sunt eos.,2026-05-17
1101,4,Magni illo est nobis iste amet labore occaecati rerum cupiditate.,2025-09-11
1102,4,Quidem dolor illum nisi minima laboriosam expedita voluptatem officiis officia eius ullam molestias molestiae.,2025-08-18
1103,1,Aliquam soluta libero iure adipisci neque quasi blanditiis ratione atque soluta recusandae quisquam voluptatibus provident.,2025-07-16
1104,4,Eligendi distinctio beatae quidem perferendis neque eaque blanditiis assumenda.,2026-01-22
1105,2,Adipisci suscipit perspiciatis voluptates ullam eveniet ab vel cumque cupiditate voluptas amet necessitatibus aspernatur harum eius.,2025-07-26
1106,4,Id vel doloremque fugit eos temporibus veritatis deleniti ab labore porro commodi recusandae eos iure qui.,2025-10-03
1107,4,Ex beatae pariatur nemo adipisci asperiores tempore accusamus sapiente.,2025-10-09
1108,1,Impedit ipsam repellat odit culpa impedit dolorem nisi assumenda reiciendis dolores delectus autem officiis adipisci.,2025-07-20
1109,5,Rem voluptate quos fugiat voluptatibus amet impedit quia accusantium eos cumque deserunt.,2026-05-20
1110,2,Ipsam enim optio neque facilis assumenda excepturi corrupti quae sint numquam nulla saepe possimus perspiciatis expedita hic.,2025-08-16
1111,3,Et iure totam numquam tenetur unde nisi quae id quas similique.,2025-07-10
1112,5,Labore autem sint beatae architecto cum ea culpa praesentium magnam.,2026-02-06
1113,1,Suscipit vitae ipsam asperiores perferendis dignissimos asperiores qui tempore suscipit ea nemo ullam placeat illo.,2026-02-18
1114,2,Est velit omnis molestiae labore repellendus deleniti ab commodi voluptatem at laudantium sunt at adipisci.,2026-04-25
1115,3,Dignissimos soluta beatae perferendis iste minus sequi optio minima repudiandae.,2026-05-05
1116,2,Iste adipisci doloribus et nesciunt facere saepe ea adipisci necessitatibus.,2026-05-07
1117,5,Enim consectetur id animi tempora ipsa reprehenderit corrupti enim commodi sit dignissimos quis cupiditate vero.,2025-07-19
1118,3,Saepe ducimus voluptatum et eos id ipsa eius quidem corporis.,2025-12-05
1119,1,Veritatis aperiam incidunt voluptatibus eos quia recusandae in maiores id dolore rem velit.,2026-04-28
1120,1,Atque praesentium nostrum dolores ullam in et aperiam quidem enim ducimus deleniti unde atque inventore.,2025-10-22
1121,2,Neque et inventore quod officia enim atque sunt labore voluptatum officiis ut odit enim.,2026-03-02
1122,3,Quia ratione odio quidem accusamus libero nisi placeat odit modi nemo placeat eum quibusdam amet nam quisquam.,2025-07-15
1123,5,Voluptates earum possimus eum similique eius eligendi esse libero dolores praesentium fuga omnis.,2025-08-03
1124,5,Iusto inventore nobis alias pariatur magnam facere saepe facilis dolores pariatur sapiente laborum similique aliquid voluptatem recusandae distinctio accusantium tenetur.,2026-02-22
1125,4,Maxime numquam nam possimus eaque accusantium nulla cumque accusantium quam omnis.,2025-07-31
1126,3,Adipisci expedita ullam corrupti architecto eaque quas hic magnam id dignissimos soluta non tempora enim.,2026-05-05
1127,1,Velit atque nisi similique alias porro quam tempore repudiandae ratione debitis laborum officia tempora ad voluptate voluptatum.,2025-12-21
1128,3,Hic reiciendis at commodi vero reprehenderit itaque nesciunt nobis.,2025-11-16
1129,4,Corrupti repudiandae cum dolores aspernatur eveniet laborum consequatur a porro rerum maxime exercitationem quidem inventore incidunt porro praesentium vero.,2026-04-19
1130,4,At eius cupiditate officiis libero corporis et laudantium praesentium sint debitis quos perspiciatis.,2025-08-15
1131,1,Quam accusamus dolorum alias nisi tempore ea fuga magni aperiam quae enim exercitationem voluptate.,2025-12-25
1132,4,Voluptatum consequatur vero recusandae dolorem sit odit tenetur sint nemo facere sed placeat laudantium non.,2026-03-16
1133,1,Dolore eos quos laborum itaque expedita corrupti maxime occaecati in perspiciatis temporibus consectetur corrupti dolores aut optio odio dolores dignissimos.,2025-06-02
1134,3,Adipisci eveniet fuga quisquam aliquid sit illo nemo veritatis rerum.,2025-12-06
1135,5,Quae soluta cupiditate consequuntur quas delectus sequi temporibus nam quos minima eum provident rem.,2025-10-24
1136,5,Velit quidem quaerat esse nesciunt rerum dolorum accusamus minima explicabo.,2026-02-05
1137,2,Vero dignissimos nulla commodi veniam beatae repellendus qui delectus fugiat amet ab voluptatum nisi ipsum fuga numquam.,2025-07-14
1138,1,Unde sapiente error quaerat molestias ratione rem molestiae deserunt odit.,2026-03-29
1139,5,Suscipit rem molestiae atque recusandae ipsum perferendis nemo id esse facilis est ipsam laborum voluptates accusamus totam.,2025-07-05
1140,5,Eum velit maxime sequi totam mollitia aut commodi maiores pariatur repellat natus quia maxime eum.,2026-04-09
1141,4,Quas modi laudantium nihil mollitia cumque excepturi laborum explicabo iure voluptatibus.,2025-06-05
1142,5,Quo aut sunt rem doloremque quia ipsum accusamus illum perspiciatis laudantium officia optio illo quisquam doloremque aut.,2025-05-27
1143,3,Quaerat possimus voluptatum voluptatibus nihil excepturi dolore nisi laudantium quas.,2025-10-17
1144,5,Ducimus animi laborum numquam voluptate ab veniam laborum occaecati distinctio impedit repellat.,2025-12-12
1145,3,Consequatur amet accusamus voluptates fuga consectetur labore rem hic repudiandae ipsum possimus consectetur inventore earum laboriosam corporis soluta ullam aperiam.,2025-08-27
1146,5,Velit rerum nemo non excepturi tempora fugit totam ipsam odio consectetur repellendus voluptates temporibus quibusdam alias exercitationem.,2025-07-08
1147,3,Repellat voluptas ad doloremque possimus praesentium accusamus voluptatem atque non rem voluptas impedit similique vel quibusdam eius ipsa veritatis.,2026-03-18
1148,5,Voluptatum quia quaerat quod repudiandae ipsum eos delectus voluptas ea unde odio temporibus voluptate ullam unde pariatur.,2025-08-08
1149,4,Laborum voluptates ab ratione aliquid quas officia reiciendis nobis nisi doloribus unde ad dolore ducimus occaecati.,2025-08-30
1150,4,Sit expedita occaecati amet occaecati accusantium asperiores ducimus quos veritatis facere maxime ab aliquid.,2025-09-13
1151,2,Suscipit alias eos impedit sed dolorum iure minus distinctio.,2025-07-15
1152,2,Repellat expedita facere accusantium voluptatibus mollitia non similique id consequatur ipsam aperiam vitae minus possimus nobis qui at magni.,2025-05-26
1153,3,Pariatur autem repellendus explicabo perspiciatis fuga nam blanditiis necessitatibus nobis est autem.,2026-02-13
1154,1,Ipsa saepe sed quod ducimus odio placeat laboriosam rem.,2026-03-24
1155,1,Soluta repellendus rerum aut aliquam vitae dolorem reprehenderit praesentium commodi itaque iusto cum esse fugiat impedit.,2025-09-27
1156,1,Ullam eius nisi eligendi quis officia non quis dolorum est velit molestiae delectus.,2026-02-06
1157,5,Sint sequi recusandae sint odio earum quia perspiciatis quisquam ut.,2025-10-23
1158,4,Repellendus culpa neque quibusdam eveniet nemo quaerat eaque rerum voluptas tenetur nemo esse suscipit nemo est excepturi quis molestias tempore.,2026-04-30
1159,3,Sunt recusandae culpa quibusdam nam sapiente magnam nam officia labore doloribus id odit.,2025-11-25
1160,5,In ducimus nemo unde iste aliquid dolorum sequi expedita natus sequi iste incidunt sed nemo esse ipsa itaque.,2025-07-01
1161,2,Possimus id animi nostrum nihil nobis tempora cum saepe commodi nemo officiis distinctio ipsum sint libero unde.,2026-05-18
1162,2,Minus explicabo quibusdam ipsum nemo ad fugiat officiis quasi.,2025-06-04
1163,3,Recusandae quasi officiis repudiandae impedit aliquid esse eius ipsum vitae totam voluptatibus earum.,2026-01-13
1164,1,Rem sapiente iusto unde consequatur facilis veritatis accusantium assumenda fuga eligendi nulla alias rerum numquam.,2025-12-17
1165,3,Soluta eum repellat consequatur harum occaecati laudantium veniam eaque quia eaque excepturi excepturi pariatur labore velit vel perferendis distinctio repudiandae.,2025-09-06
1166,5,Voluptas a temporibus ex voluptatum tempore veritatis quos placeat cum unde iusto minus provident.,2025-12-09
1167,1,Labore nemo perferendis sunt libero veniam nam voluptatibus sapiente sint quasi.,2026-03-26
1168,3,Repellendus ad illum incidunt nostrum adipisci odio quod ipsa soluta eaque cupiditate temporibus nobis reprehenderit voluptates deserunt.,2025-11-30
1169,4,Aliquid vero nobis id aut explicabo laboriosam sit iusto minima consequuntur laudantium in enim voluptatum.,2025-08-05
1170,5,Beatae deserunt perspiciatis neque accusantium saepe iusto cupiditate non exercitationem aut non expedita nostrum minus laboriosam magni dignissimos laboriosam aliquid.,2026-05-09
1171,2,Aperiam dolor sed est qui accusantium dignissimos quo error debitis voluptates nemo quaerat quidem eius eligendi mollitia at fugit.,2026-02-13
1172,3,Odit tenetur nostrum blanditiis possimus nemo error temporibus aliquam architecto autem culpa iure nobis atque ipsa facere expedita voluptate.,2025-12-01
1173,4,Adipisci deleniti dolorem repellendus quibusdam animi facilis veritatis voluptates perspiciatis officia.,2025-09-23
1174,1,Culpa nemo unde repudiandae nam dignissimos laboriosam sunt perspiciatis suscipit enim culpa magnam.,2025-06-27
1175,2,Doloribus quaerat dolores occaecati occaecati eveniet quasi ab voluptatem debitis ipsum ratione placeat aspernatur iste dignissimos.,2025-09-19
1176,2,Id facere veniam ex dicta incidunt nulla corporis similique omnis.,2025-07-06
1177,4,Perferendis praesentium doloribus iure hic nam itaque provident nihil dolores magni pariatur necessitatibus eaque.,2025-08-22
1178,3,Aspernatur cupiditate minima ipsa cumque laborum ducimus ratione fugit nulla amet accusantium fugit sit quos nisi sint vero fugit delectus.,2025-09-29
1179,4,Aut et dolore pariatur amet accusantium accusantium aspernatur tempore itaque aut architecto nisi rem.,2026-04-25
1180,5,Ratione dolorum animi unde in ipsa unde enim id reiciendis et aspernatur distinctio.,2025-12-21
1181,5,Temporibus optio adipisci beatae eum error id sapiente veritatis at dolor animi.,2025-06-10
1182,3,Quam quaerat voluptates possimus eius deleniti temporibus iste impedit.,2025-08-12
1183,5,Reiciendis voluptatum ab velit provident praesentium voluptatum voluptate distinctio.,2026-05-14
1184,2,Doloremque nisi repellat omnis assumenda suscipit ab optio velit natus impedit asperiores reiciendis.,2025-08-01
1185,3,Nulla culpa sint veniam perspiciatis ea voluptatem impedit dignissimos fugit earum possimus incidunt illo cupiditate officiis sequi voluptate earum.,2025-11-23
1186,1,Molestiae aliquam eius iusto aperiam nam sequi voluptatibus adipisci esse amet tempora quia ullam provident.,2026-03-08
1187,3,Velit nostrum tenetur vitae repellat illo rerum corrupti illo quos reiciendis praesentium earum unde quidem voluptatum non impedit sed.,2026-05-08
1188,3,Totam sapiente ex corrupti iusto ab earum debitis id ea animi nihil ea.,2025-11-12
1189,5,Impedit autem quas laudantium sequi sunt qui cum quod autem blanditiis natus repudiandae atque animi vitae accusantium asperiores.,2026-02-28
1190,5,Perferendis sint explicabo laudantium nam illo qui fugit vero suscipit ea quasi at error voluptates quia numquam unde.,2025-07-17
1191,4,Quibusdam laudantium occaecati minus aperiam expedita aliquam eveniet commodi ipsa maiores.,2026-02-17
1192,5,Voluptatem sunt illum dolorum nulla voluptatibus aliquam corporis aperiam quas pariatur blanditiis corrupti temporibus ab voluptate.,2026-03-25
1193,3,Aspernatur officiis aliquid modi temporibus dolore facere iusto perferendis dolorem quibusdam ratione hic qui placeat est commodi itaque assumenda.,2025-05-27
1194,3,Adipisci laudantium accusamus porro sit expedita vero quae modi.,2025-05-25
1195,1,A ipsum labore dolorum magni voluptate facere ipsa minus.,2026-01-04
1196,4,Ullam laboriosam aliquid incidunt consectetur at quas reiciendis debitis quis error sint ea ab odio recusandae beatae.,2026-04-09
1197,4,Iste debitis facilis laborum dolore in repudiandae tenetur eligendi porro tempora perspiciatis.,2026-01-22
1198,3,Cupiditate quo exercitationem nesciunt eaque enim iure soluta hic quasi.,2025-10-04
1199,3,Voluptates molestiae at perferendis cumque quidem reiciendis aperiam dolor atque accusamus nam alias facere reprehenderit aliquam architecto illo officiis.,2026-02-02
1200,5,Quasi id dolores aperiam temporibus unde nulla suscipit numquam.,2025-12-20
1201,2,Commodi ipsa fugiat asperiores provident corrupti nemo soluta voluptas molestiae id sit deserunt sequi amet.,2026-03-27
1202,3,Doloribus similique maiores deleniti corporis aperiam corporis eveniet eius aliquid mollitia veniam accusantium nostrum accusantium.,2026-05-04
1203,2,Nam ut reprehenderit reprehenderit temporibus similique libero atque saepe totam odio enim blanditiis animi amet a harum.,2026-04-06
1204,4,Eos enim vero vitae sequi quidem ratione doloremque ad ab inventore dolore repellat saepe quaerat a modi possimus veritatis.,2025-09-06
1205,1,Suscipit fugit natus sed doloribus fuga reiciendis eligendi iusto nostrum amet rerum et mollitia doloribus ea accusamus laborum.,2025-09-18
1206,5,Neque cum iste ea beatae deleniti placeat quisquam eum occaecati amet sequi tempora molestias veritatis totam eveniet laboriosam temporibus.,2026-03-06
1207,2,Quod molestiae debitis esse fugit magni magnam quos ipsam exercitationem dolore accusamus possimus vitae facere eum fuga animi.,2025-11-30
1208,4,Eveniet ducimus aspernatur reiciendis mollitia labore quis quo accusamus facere dignissimos sint.,2025-08-28
1209,3,Soluta odio assumenda ad quibusdam reprehenderit aut ad quae repudiandae laudantium.,2025-12-07
1210,2,Unde voluptate quasi fugiat ex neque totam distinctio rem culpa illum numquam quos fugit nemo totam eaque dolorem iure nostrum aliquam.,2026-04-03
1211,5,Perferendis debitis dignissimos aliquid voluptatem facilis dicta repellat ipsa corrupti repudiandae.,2025-06-11
1212,2,Dignissimos dignissimos sapiente nulla consequatur est voluptates architecto dolore inventore neque.,2026-02-07
1213,1,Inventore dignissimos incidunt perspiciatis deserunt omnis temporibus voluptas possimus nisi recusandae fuga.,2025-09-30
1214,4,Mollitia blanditiis adipisci molestiae eum autem eos praesentium ratione ut autem ipsum mollitia laboriosam illum dolorem.,2025-08-29
1215,1,Consectetur ab culpa repudiandae dolores dolore maxime occaecati dolores.,2026-05-21
1216,3,Harum quisquam eveniet nostrum quae corrupti accusamus ab quod doloribus rerum totam ut inventore esse aliquam libero corrupti aliquam.,2026-05-01
1217,5,Iure labore magni in incidunt impedit adipisci dignissimos voluptatum deserunt animi mollitia.,2026-04-09
1218,3,Voluptate corporis deleniti sequi natus adipisci non voluptatibus molestiae eos libero occaecati iure aut possimus id aut natus optio.,2025-09-26
1219,1,Saepe illo minima voluptates cupiditate officiis architecto incidunt veniam harum accusamus quod tempore sequi magnam tenetur.,2026-04-01
1220,5,Soluta cum nihil est sint fuga molestias eaque eum ut.,2025-06-20
1221,3,Molestias asperiores ipsum consequatur occaecati aut nostrum ratione voluptatibus ipsam dolor aliquam aperiam distinctio nam a molestias.,2026-05-12
1222,5,Suscipit ea tenetur voluptates mollitia aliquid reprehenderit veniam tempore modi deserunt impedit recusandae molestiae ullam.,2025-12-15
1223,2,Totam odio harum delectus dolor pariatur magnam adipisci praesentium quibusdam impedit animi ullam non neque odio esse.,2025-12-10
1224,2,Minus quam ab praesentium ipsum cupiditate voluptate quod provident.,2026-02-14
1225,3,Ipsa consectetur quasi soluta minus ad voluptatibus aspernatur ratione eum molestiae odio doloremque.,2026-01-02
1226,5,Dicta aspernatur repellendus voluptate blanditiis labore excepturi voluptatem earum nisi eius quam doloribus rerum libero molestias ipsum.,2025-12-11
1227,4,Explicabo sint labore ipsa adipisci est accusamus tenetur maxime.,2025-06-14
1228,1,Ducimus accusamus beatae ipsam eos voluptas consequuntur nobis praesentium maiores et incidunt occaecati et exercitationem sequi.,2026-01-04
1229,2,Ea natus in iste nostrum nemo amet iure consequatur quaerat iusto.,2026-03-04
1230,3,Aliquam pariatur atque voluptatibus ea dolorem cum quaerat unde nam perferendis minima voluptatibus nulla.,2026-03-26
1231,1,Rerum pariatur non hic culpa officia ducimus officiis qui delectus impedit inventore.,2025-07-09
1232,5,Animi facere fuga eaque mollitia nam est laudantium unde provident.,2025-09-02
1233,1,Cum corporis doloremque facilis officia adipisci quas corrupti incidunt similique sequi odio alias reiciendis asperiores non alias tenetur assumenda aliquid.,2026-02-07
1234,5,Inventore explicabo pariatur sit est velit vel dolorum amet labore.,2025-11-25
1235,5,Sit sequi consectetur quasi laudantium error quis porro rem a officia debitis quae excepturi perferendis necessitatibus ut itaque.,2025-12-11
1236,3,Animi quo dicta autem voluptatibus fuga quo id suscipit aliquid ipsum occaecati.,2026-03-12
1237,3,Quibusdam aperiam blanditiis libero distinctio totam a corporis alias ad earum corporis itaque in ratione doloribus.,2025-08-03
1238,2,Officia quis impedit consequuntur inventore placeat explicabo sed voluptate eligendi suscipit perferendis ea aspernatur illum culpa fugiat nemo explicabo.,2026-02-25
1239,1,Modi libero facere odit natus ullam natus qui animi quam perferendis sunt cum ratione minus quos totam quis amet.,2025-12-15
1240,5,Id velit quas accusantium omnis occaecati voluptatum nobis libero provident.,2025-12-01
1241,5,Officia enim dolorem quaerat corporis praesentium exercitationem itaque inventore ullam libero officia eligendi provident.,2025-10-08
1242,1,Voluptatum tempore velit consectetur odio quisquam quaerat totam laboriosam ratione ratione rem distinctio quo.,2026-03-18
1243,1,Natus ab iste tempore omnis asperiores adipisci nemo nam eos.,2025-09-24
1244,1,Nostrum cumque necessitatibus architecto odio consectetur consectetur consectetur explicabo expedita non voluptas.,2026-03-30
1245,4,Voluptas sint debitis maiores asperiores exercitationem facilis natus necessitatibus.,2026-04-26
1246,1,Quisquam repudiandae quia dolorem perspiciatis expedita fugiat vero officiis voluptatibus dolore dignissimos eaque animi sit.,2025-10-17
1247,4,Maiores accusantium sequi dolor velit dolores eveniet officiis dolores.,2026-02-21
1248,5,Molestiae quos totam sequi nulla quia distinctio porro rerum culpa cum odio recusandae delectus est corrupti voluptas.,2025-07-24
1249,4,Aspernatur ducimus quisquam voluptate magnam dolor iure voluptas amet animi sequi ipsam numquam veniam quam odit ut harum.,2025-07-12
1250,3,Delectus illo ut quae sit soluta dicta incidunt iste a quisquam non amet.,2025-12-15
1251,3,Aliquam maiores voluptatum quia odit ipsam unde libero optio cum voluptas deleniti nihil ipsa rerum harum rem repellat.,2026-02-11
1252,5,Facere eaque sint rem molestias dolore magni facere voluptate tempora corrupti cumque repellat quia.,2026-04-13
1253,4,Aut rem explicabo et quam et laboriosam eligendi sequi.,2025-08-06
1254,2,Rerum voluptatibus vero facere ex dolore vero architecto officia nemo quo architecto pariatur odit repellendus eveniet fugit aperiam rerum.,2026-04-06
1255,4,Similique fugit occaecati consequuntur rem reiciendis ratione cupiditate minus esse.,2026-04-04
1256,4,Quo explicabo repellendus maxime totam sit iure quisquam expedita odio velit dolorem tempore amet officiis in atque praesentium ex dolor.,2025-12-16
1257,4,Rerum fugit nisi cupiditate nam odio tenetur placeat quae unde libero perferendis recusandae quo debitis tenetur perspiciatis labore.,2025-09-25
1258,2,At quia expedita pariatur quis dignissimos laudantium similique ad eveniet nobis quasi.,2026-01-29
1259,2,Similique error omnis eaque quos beatae provident fugiat earum voluptas nemo voluptas quis fugit.,2025-07-12
1260,3,Pariatur mollitia ab nemo ut repudiandae quisquam ipsum optio sapiente ipsum unde pariatur.,2025-11-18
1261,4,Minus ab ipsam eum autem molestiae expedita officia blanditiis adipisci deleniti officiis ipsa consectetur accusantium explicabo.,2026-02-19
1262,3,Earum repudiandae fuga inventore tenetur nulla rem quas placeat recusandae.,2025-12-08
1263,4,Quam amet earum earum a aspernatur voluptates hic fuga iste.,2025-09-16
1264,1,Itaque in odit quo unde facilis itaque deserunt consequuntur officia laboriosam error quisquam excepturi.,2026-04-20
1265,4,Maxime nostrum recusandae reiciendis corrupti doloribus nostrum error sit quis delectus est laborum ad in atque fugiat.,2026-03-27
1266,3,Dolore saepe iure saepe ratione eum quod soluta cumque nisi veritatis quae architecto tempora in.,2025-09-20
1267,4,Dicta vel rem fugiat expedita animi beatae sapiente inventore commodi nobis dolore sed itaque ex animi blanditiis itaque saepe odit.,2026-02-25
1268,3,Ipsam inventore dicta nisi voluptatem impedit adipisci ut harum aliquid itaque nulla repudiandae sint corrupti sint maiores accusantium.,2025-11-26
1269,5,Molestiae est iusto sed molestiae temporibus corrupti quod iste numquam voluptates qui modi inventore debitis voluptates ullam deleniti.,2025-08-02
1270,2,Accusamus quod alias quae aperiam eveniet laborum ex voluptates accusamus repellat deserunt quis.,2025-09-05
1271,1,Harum similique quas assumenda saepe fugit quisquam maxime architecto accusantium cum modi veniam.,2025-10-28
1272,1,Est non rerum recusandae repellat odit ipsum in eveniet necessitatibus pariatur cumque repellat dolor autem temporibus.,2025-12-08
1273,5,Odit iusto molestiae recusandae blanditiis officiis nostrum facilis maiores asperiores dolores rem rem ad temporibus nisi.,2025-06-25
1274,1,Inventore esse nisi animi expedita rem aperiam atque quis nulla tenetur libero natus at.,2025-12-20
1275,5,Voluptate numquam placeat inventore sapiente nisi accusantium magnam voluptatibus vero amet in ullam asperiores vero eos similique inventore odit sit harum.,2025-09-29
1276,4,Labore iure corrupti non cum a suscipit iusto nam adipisci.,2025-07-25
1277,4,Quia exercitationem corrupti voluptatum accusamus numquam laboriosam quae nihil praesentium praesentium debitis voluptatum alias animi assumenda aperiam ratione.,2026-01-21
1278,5,At expedita nam ipsa quo placeat nostrum odio iusto eaque vero nostrum nihil sapiente sint ut.,2026-01-19
1279,5,Voluptatum asperiores nemo assumenda consequatur similique illo distinctio ut rerum voluptatem ipsam.,2026-03-03
1280,4,Possimus labore minus neque sed cumque magni doloremque omnis facere fuga dicta eius modi delectus dolores odio blanditiis.,2025-11-08
1281,1,Officia excepturi illo eius aut vitae sit aut numquam quis facere fuga voluptate culpa vel.,2025-11-30
1282,2,Facere magnam dolor libero blanditiis eum cumque eum placeat quaerat corporis doloremque praesentium atque dignissimos expedita quia recusandae.,2025-06-02
1283,5,Eveniet ipsa mollitia laudantium suscipit fugiat accusamus quae sequi eveniet eveniet minima voluptatum esse maxime nostrum eos.,2025-10-15
1284,4,Similique molestiae maxime deleniti quasi maxime quibusdam nemo sint quibusdam ad incidunt quibusdam occaecati facere magni iure dolor.,2025-08-06
1285,3,Minima facilis molestiae repudiandae consequatur corporis dicta provident assumenda.,2025-08-18
1286,2,Voluptatibus fuga accusantium assumenda dicta consequatur velit quibusdam voluptates dolor error atque temporibus eligendi velit labore.,2026-02-24
1287,1,Quidem sed molestias possimus in quasi at voluptates voluptates nesciunt labore minima similique porro sed.,2025-05-24
1288,5,Magni molestiae nesciunt qui asperiores debitis corrupti quos dolore omnis nostrum reiciendis ex.,2025-09-16
1289,1,Sapiente quis laborum quis earum enim beatae numquam unde culpa cumque accusamus vitae omnis quos.,2025-07-24
1290,5,Rerum perspiciatis reiciendis consectetur natus quasi commodi maxime ipsum nam sunt fugiat totam inventore nihil officiis.,2025-09-28
1291,3,Nisi excepturi alias fugit sed dicta quam nulla architecto corporis neque voluptatum fugiat esse delectus magni praesentium recusandae autem animi.,2025-08-12
1292,1,Officiis odio facere nisi officiis officiis impedit debitis occaecati placeat fugit error consequuntur eum molestias molestias.,2025-10-08
1293,2,Perferendis reprehenderit perspiciatis velit suscipit quis maxime fugit adipisci architecto sunt a aut nisi cupiditate vero provident ad quod impedit.,2025-12-17
1294,4,Magni ex nam magni ea quo distinctio rerum consequatur.,2026-04-18
1295,5,Saepe cupiditate similique quae laudantium libero impedit sint quos dolore velit.,2026-03-29
1296,5,Asperiores ullam amet esse maiores error dolores quo voluptatem necessitatibus laborum vero fugiat quaerat ea blanditiis commodi quis adipisci repellat.,2025-11-10
1297,3,Eius cumque at veritatis tempora autem cum harum nulla ipsam harum dolor consectetur distinctio consequatur laudantium beatae ratione.,2025-09-12
1298,1,Est praesentium sit laudantium et molestias at aspernatur et.,2026-04-07
1299,2,Ad dolor sequi blanditiis exercitationem sint cumque id mollitia necessitatibus ab exercitationem.,2026-03-13
1300,5,Vel accusantium tempore architecto nobis saepe quidem aperiam id odio.,2025-07-02
1301,1,Deserunt officiis asperiores optio veritatis debitis sed officiis nam sed rerum.,2026-03-09
1302,2,A sint quidem harum harum sint doloremque illo vel libero tempora culpa odio eligendi.,2025-10-04
1303,5,Possimus necessitatibus mollitia inventore sapiente dignissimos placeat suscipit dolorem.,2025-12-25
1304,4,Facere beatae illo deleniti consequatur voluptate alias sapiente nemo fugiat blanditiis doloribus.,2025-07-12
1305,5,Pariatur repellat veniam aut dolore commodi nihil ipsam animi sint nesciunt vel recusandae eos a.,2025-10-07
1306,2,At sapiente excepturi occaecati in excepturi dolores amet recusandae dolorem voluptatem veritatis facere eius.,2026-02-07
1307,3,Non nihil sit accusantium accusamus recusandae error hic placeat laborum aliquam quae inventore.,2025-12-21
1308,5,Officiis eaque facilis vitae quos dolore ducimus odio voluptates sint facere quaerat quas.,2025-06-10
1309,3,Harum quia odit animi magnam quis totam accusantium distinctio a fugiat expedita nobis molestias.,2025-10-13
1310,3,Ab quia sapiente beatae laborum expedita itaque exercitationem ullam quia unde harum temporibus labore explicabo accusantium illo suscipit officia optio.,2026-04-08
1311,5,Occaecati eligendi deserunt nobis inventore incidunt sunt sit nam quis libero vero ab suscipit ducimus voluptas nam laborum.,2026-05-19
1312,5,Repudiandae fugit perferendis dolorem laborum quibusdam at eos consequuntur.,2025-09-04
1313,4,Beatae tenetur vel vel excepturi aperiam eos neque explicabo vero vero amet occaecati tempore voluptatem quaerat expedita iusto.,2026-03-19
1314,3,Incidunt totam consequatur ipsum consequuntur ducimus impedit at veritatis nostrum natus velit ea animi maxime.,2026-04-22
1315,3,Quae pariatur ipsam corrupti dicta ab eos laudantium quos accusamus cupiditate cumque eum.,2025-08-15
1316,1,Optio aspernatur ducimus at in voluptatibus molestias tenetur expedita unde laudantium eaque.,2026-05-23
1317,5,Atque dolorum voluptate nostrum expedita molestias mollitia mollitia ipsum.,2025-11-21
1318,1,Dignissimos quidem nostrum illo occaecati aut quis vero suscipit molestiae reiciendis incidunt optio explicabo veritatis consequatur aperiam sapiente fugit harum.,2025-12-30
1319,1,Saepe voluptatum fugiat iure repellendus fugit ex aliquid ea explicabo quia aspernatur sint suscipit esse recusandae.,2026-01-23
1320,4,Neque culpa iusto accusamus neque sunt maiores blanditiis corporis exercitationem ex rerum dolorum minus similique eum ex accusamus delectus.,2025-05-29
1321,5,Quis excepturi natus modi vitae similique natus sequi alias expedita minus dignissimos non voluptatum aliquam similique deserunt voluptas laborum.,2025-11-03
1322,3,Quasi molestiae repellat dolorem temporibus enim autem inventore labore.,2025-05-24
1323,4,Nihil possimus sit neque officia quasi eveniet sapiente sunt neque alias explicabo laborum voluptas quis expedita.,2025-10-28
1324,4,Ad ipsa velit voluptatibus suscipit doloribus iste inventore dignissimos officia doloribus quo unde et.,2025-10-13
1325,5,Impedit incidunt et totam numquam natus debitis illum cum labore cumque eaque dolorem quidem deleniti similique.,2026-02-04
1326,2,Aspernatur pariatur aliquam illum quisquam placeat voluptate unde eaque placeat est accusantium ipsum maxime sequi corrupti neque magni harum possimus.,2025-09-22
1327,2,Odit quibusdam alias explicabo quam assumenda aut recusandae cum eaque.,2026-02-16
1328,5,Incidunt dolores dolorum optio iure modi architecto voluptas minima ea enim deleniti similique.,2025-11-08
1329,3,Quaerat rem quibusdam corporis commodi autem voluptatum itaque unde cupiditate ipsum ducimus molestiae suscipit quibusdam quasi est eligendi.,2025-10-22
1330,2,Ut recusandae impedit esse temporibus voluptatibus aperiam atque id modi nihil illo doloremque odio accusantium.,2025-12-27
1331,2,Sit minima non dolore deserunt commodi molestias facilis magni voluptatum aut fuga inventore maxime voluptas suscipit recusandae eaque architecto.,2026-03-16
1332,1,Alias veniam consectetur eligendi illo quaerat nam quos inventore iusto ea fugiat unde repellat itaque quisquam inventore dicta ea deserunt.,2026-04-17
1333,1,Maiores deleniti tenetur quis nihil dicta quia ab excepturi officiis.,2026-03-11
1334,4,Quod odit ratione dolorem necessitatibus omnis illo laudantium ducimus.,2025-06-21
1335,4,Quas deserunt porro illum repellat dignissimos doloremque quas officiis suscipit cum laborum.,2026-03-15
1336,1,Aut asperiores exercitationem dignissimos neque facilis magnam dolorum ut at id aperiam amet dolores magnam asperiores quas quis iste.,2026-03-14
1337,4,Culpa laudantium nisi accusamus cum totam placeat minus architecto.,2025-10-02
1338,5,Possimus dolorum at laboriosam asperiores minus pariatur ipsam odio nobis molestiae temporibus necessitatibus velit voluptatum.,2025-10-18
1339,5,Tempora vitae recusandae ratione officia maxime earum nemo dolorum et repudiandae in maxime corrupti veniam quod aliquam cumque error.,2026-02-20
1340,4,Impedit similique assumenda inventore suscipit rerum quos culpa voluptatibus repellendus harum mollitia aperiam nemo harum alias assumenda provident.,2025-09-05
1341,4,Sed natus voluptatum ducimus ipsa voluptatibus suscipit culpa voluptates dicta.,2025-08-14
1342,4,Consectetur molestias esse ex delectus repellendus molestias voluptate incidunt architecto unde rem consectetur iste voluptas ad.,2025-11-08
1343,3,Voluptate deleniti soluta placeat odit provident illum necessitatibus neque incidunt quo eos praesentium nisi dolorum dolor.,2026-01-28
1344,2,Illo provident perferendis labore rerum fuga quos temporibus magni explicabo exercitationem iste quaerat suscipit facere consequuntur.,2025-10-18
1345,5,Eius excepturi doloremque asperiores voluptate ut maiores praesentium ipsam est soluta temporibus deleniti nulla voluptatibus alias consectetur eaque a expedita.,2026-05-20
1346,5,Libero aperiam blanditiis laboriosam maxime nulla ratione nesciunt molestias asperiores id autem a doloremque quam dignissimos.,2025-09-10
1347,2,Nihil a rerum magni reprehenderit vero esse laudantium at culpa nostrum reprehenderit.,2025-05-24
1348,5,Maiores fugiat eum blanditiis minima quod aut repudiandae iure.,2026-01-06
1349,4,Sint sed quia dignissimos ratione perspiciatis doloremque numquam adipisci.,2025-08-17
1350,5,Recusandae nihil delectus temporibus architecto velit fuga facilis eum error fugiat odio nam voluptate placeat pariatur pariatur quidem.,2025-11-17
1351,1,Hic sit excepturi et distinctio quaerat quis saepe blanditiis nemo ab adipisci inventore fugit blanditiis.,2026-05-04
1352,5,Optio deserunt aspernatur fugiat accusantium possimus eos possimus fugiat iure.,2025-09-18
1353,3,At assumenda distinctio quis tempore repellendus sint voluptate eveniet ex recusandae ea quos fugit deleniti quod debitis accusantium deserunt sit.,2026-03-27
1354,5,Culpa occaecati non nihil ipsa id quas molestias quos vel repellat beatae iure eum nam enim enim accusantium in.,2025-09-19
1355,1,Vel minima ea autem reiciendis hic tenetur sunt sint nostrum sint culpa quia.,2026-03-12
1356,5,Dignissimos ad officia eos dolor vel placeat assumenda deserunt voluptatibus quae ex ipsa nostrum adipisci aliquam delectus id quos sequi.,2025-12-31
1357,4,Laborum vel animi odit velit expedita sint voluptate ipsam asperiores perspiciatis autem ratione eligendi doloremque laborum laboriosam fugit laborum.,2025-09-01
1358,1,Rem omnis officia quia quaerat consequatur sit fugit dolor aspernatur in et quod nesciunt blanditiis.,2025-08-29
1359,5,Adipisci non ex pariatur ullam modi numquam porro temporibus dignissimos unde.,2026-04-08
1360,2,Consequuntur saepe ipsum necessitatibus veritatis doloremque harum laborum quisquam maxime sapiente nobis nesciunt nobis ab quisquam maxime doloremque totam.,2025-09-24
1361,1,Commodi possimus eum alias quam numquam nostrum porro ratione ea eius itaque iste facere.,2025-06-07
1362,5,Exercitationem corrupti natus aperiam nobis dolorum repudiandae cum labore temporibus itaque voluptatem sit doloribus.,2025-07-31
1363,3,Ut fugit ab ipsum cumque nam sunt dolorem impedit veniam non.,2025-07-14
1364,1,Perspiciatis accusantium officiis fuga libero itaque tempora iusto adipisci deleniti omnis.,2025-11-29
1365,5,Dolor rem occaecati voluptates hic veniam saepe ut voluptatum laboriosam quo quo repellat repellendus at voluptatem quod architecto illo illo.,2026-05-18
1366,4,Quasi sed illum illo doloremque dolorem natus dignissimos modi doloribus vel consequuntur reiciendis consectetur placeat nostrum in.,2025-10-03
1367,5,Nostrum illo facilis repudiandae necessitatibus iste quod dolore error.,2025-09-25
1368,5,Repellendus vitae officiis enim consequatur officiis fugit aliquid molestiae adipisci asperiores debitis minus.,2025-12-05
1369,4,Tempore ullam cum ab ad perferendis cum accusantium doloribus harum ad odio id.,2025-11-24
1370,3,Nulla nisi alias aspernatur cumque dolor at temporibus consequatur error veniam tempora commodi et itaque maiores eaque.,2025-12-26
1371,2,Iure maxime voluptate at repellat laboriosam repellendus quas sapiente quia deserunt.,2026-05-05
1372,5,Dolorem repudiandae ipsa sapiente est culpa atque eaque recusandae ipsum vitae assumenda sit.,2025-12-19
1373,5,Sunt sapiente totam quo amet impedit aperiam distinctio modi aperiam officiis soluta.,2026-01-10
1374,1,Suscipit pariatur odit fuga consequuntur ducimus voluptatum fuga tempora facere inventore aperiam repellendus reiciendis dolore quis eligendi voluptatem.,2025-07-05
1375,4,Perferendis ipsa esse amet sit velit quidem nulla provident magni nobis tempora perspiciatis repudiandae voluptatem excepturi repellendus.,2025-07-31
1376,2,Repudiandae exercitationem quaerat repellendus commodi voluptates pariatur in quibusdam a possimus maiores saepe.,2025-08-03
1377,1,Quos voluptatum eligendi quae recusandae sed doloribus quisquam quo iure earum at sit.,2025-06-21
1378,3,Accusantium praesentium modi voluptas pariatur amet exercitationem ut quisquam in expedita consectetur illo ad occaecati.,2025-07-08
1379,1,Autem numquam quos expedita nihil dolor ipsam eveniet ratione doloremque et earum est vitae nisi dolorum tempora.,2025-12-28
1380,4,Molestias porro ducimus accusantium nesciunt cumque tenetur quidem autem explicabo unde.,2026-04-11
1381,2,Nam doloribus sunt exercitationem deleniti ad alias quis odio quis distinctio delectus numquam sunt consequuntur tempora placeat quisquam.,2025-09-07
1382,1,Provident vel quam fugit corporis magnam non fuga recusandae quasi ipsam porro rerum repellat nisi nobis.,2026-01-01
1383,3,Dignissimos adipisci placeat aspernatur molestiae magni quis molestias minus delectus sunt velit accusamus sed.,2026-03-17
1384,5,Laboriosam quas rerum doloribus ipsum dicta placeat architecto nobis inventore facere officia similique perspiciatis eos.,2025-12-31
1385,3,Rerum quidem exercitationem in pariatur perspiciatis fugiat iusto tempore.,2026-01-12
1386,1,Ipsum vel rem magni explicabo iste eveniet recusandae mollitia adipisci consequatur laborum.,2026-03-27
1387,5,Aliquid id tempora tenetur suscipit voluptatem dignissimos accusantium id ea minus.,2026-02-23
1388,5,Voluptatum deleniti cumque corrupti occaecati ducimus tempore eaque placeat doloremque aut laborum tenetur officiis quibusdam a architecto animi.,2026-03-07
1389,4,Quidem laborum debitis perspiciatis officiis quasi nulla occaecati unde tempora assumenda odit.,2025-11-15
1390,2,Impedit in laboriosam voluptatibus laborum nemo expedita ipsam in consequatur praesentium ad dolorum veritatis tempore quis.,2026-01-10
1391,2,Accusamus a qui aspernatur sint dolore at culpa necessitatibus aliquid saepe laudantium.,2025-09-17
1392,2,Rem fugit fugiat possimus distinctio alias fugiat rem corrupti similique.,2025-08-26
1393,1,Atque laudantium distinctio sed error saepe dolorum eligendi blanditiis fugit ratione aperiam iste.,2025-11-29
1394,1,Laudantium iste minus nulla asperiores commodi blanditiis animi cum non magnam ducimus nulla.,2026-03-10
1395,5,Quam quas omnis itaque quasi quisquam earum odit perspiciatis qui molestiae fuga quidem ipsum accusantium dolore quasi id itaque.,2026-03-06
1396,4,Odio quibusdam ullam quisquam ut voluptate rerum accusantium nesciunt nulla nulla saepe dolor repudiandae laboriosam.,2025-10-24
1397,4,Molestiae sequi et dolor aliquam a et distinctio eaque distinctio eaque repellendus cupiditate ratione.,2026-01-22
1398,4,A culpa veritatis iusto excepturi ipsum dicta quae nulla.,2025-07-01
1399,2,Ratione at incidunt minus exercitationem aut sequi consequuntur voluptates dicta deserunt repellat magni at.,2026-02-05
1400,5,Voluptatem vero placeat sint molestias tenetur quos quibusdam ducimus ut sapiente odio.,2025-11-28
1401,1,Modi porro quae sunt aspernatur cumque facilis accusantium esse.,2025-06-29
1402,3,Animi voluptatem placeat quod ullam consectetur aut ipsum praesentium maxime a minus atque.,2026-03-25
1403,1,Voluptatum tempore voluptate totam consectetur ex ut laborum repudiandae iste asperiores iste ab hic illum officia earum.,2026-02-27
1404,4,Aut labore doloremque soluta saepe incidunt necessitatibus deleniti iure voluptate exercitationem et ipsam fugit.,2025-10-31
1405,4,Rerum odit laudantium laboriosam quidem perspiciatis nemo at occaecati harum dolore cum pariatur dolorum laboriosam repudiandae aut perspiciatis accusantium nostrum.,2025-12-20
1406,4,Perspiciatis recusandae repellat expedita voluptatum atque nostrum fugit pariatur qui.,2025-08-24
1407,2,Dolore officiis laborum laudantium excepturi nihil asperiores at odit odit voluptate.,2025-11-10
1408,4,Placeat occaecati dolorem rem magnam eos hic unde voluptates repellendus placeat tenetur quo ipsa molestias.,2025-09-23
1409,3,Assumenda quaerat quas id optio recusandae deserunt voluptas nemo animi velit odit dolor ut earum necessitatibus illum eum.,2026-03-10
1410,5,Aperiam voluptatum minima ipsam occaecati quidem ullam eligendi corporis temporibus ea provident iure corporis reiciendis laudantium enim accusantium illum.,2025-10-13
1411,1,Error nobis dicta hic doloremque error laboriosam nobis veniam cupiditate sed aut perferendis nam nihil nam expedita minima.,2025-12-27
1412,4,Fugiat ipsa temporibus dolore similique deleniti maxime consectetur quisquam sapiente tenetur.,2025-11-09
1413,3,Voluptatem dolore ab reiciendis numquam voluptate quia ea voluptates incidunt quaerat sed consectetur id nostrum maiores.,2025-08-25
1414,1,Velit beatae nihil architecto fuga itaque dolorum porro corporis mollitia eveniet odit adipisci numquam eveniet.,2026-04-04
1415,5,Ad rem ipsam placeat quae veritatis laborum in modi maxime beatae molestias dolorum debitis ipsa libero quo deserunt non molestiae odio.,2025-07-01
1416,3,Ullam facere enim veritatis quidem modi harum accusamus deleniti facilis dolorum.,2025-10-14
1417,5,Laborum praesentium explicabo illum rem atque officia neque autem omnis.,2025-06-24
1418,3,Perferendis iure dolore odit perspiciatis aspernatur cumque neque reprehenderit doloremque rem maxime eligendi voluptatem.,2025-12-03
1419,3,Perferendis consequatur labore consequatur ipsam laudantium autem eum officia.,2026-01-07
1420,1,Deserunt rerum a nihil perspiciatis eligendi laborum tenetur dolorum totam a deleniti recusandae voluptas quidem.,2026-01-13
1421,5,Quasi cumque odio similique ea atque nulla harum nam eos culpa natus iure dolorum consectetur impedit eum iste consectetur accusamus.,2025-11-04
1422,4,Dolores soluta eum debitis impedit voluptates mollitia facilis molestiae pariatur blanditiis minima.,2025-06-12
1423,2,Maiores ab dolorum a unde itaque corrupti voluptas sint quasi occaecati ratione omnis occaecati amet quidem deleniti iste aperiam.,2025-06-13
1424,5,Aperiam quis necessitatibus cumque cumque sit nihil fugiat officia cumque facilis architecto sed possimus voluptate voluptatibus animi a quod.,2026-02-13
1425,5,Iste consequatur optio rerum possimus est reprehenderit culpa nam dolor modi.,2025-12-02
1426,2,Esse cumque sunt dicta nesciunt tempore reprehenderit laborum omnis nulla expedita at non.,2025-12-14
1427,5,Velit facere sed magnam iste vitae tempora officiis ea omnis officia repellendus atque.,2026-05-18
1428,1,Aspernatur nobis expedita vero nam facilis accusantium odio nesciunt assumenda quaerat nobis quidem voluptatem soluta similique vel.,2026-04-19
1429,1,Aperiam iusto eveniet omnis officiis deleniti nisi totam nostrum quas atque eveniet ea molestiae.,2025-10-25
1430,1,Natus nulla commodi numquam maiores excepturi maiores modi laborum nesciunt.,2025-08-28
1431,1,Sapiente nemo cupiditate delectus tenetur maxime id quasi saepe.,2025-06-07
1432,4,Omnis voluptates repudiandae nam optio explicabo reiciendis aspernatur temporibus eligendi distinctio quis optio eum eum corporis tenetur consectetur.,2025-11-25
1433,2,Voluptatibus temporibus quis sit in ad porro eaque repellendus quas a excepturi officiis beatae quos.,2025-12-29
1434,3,Similique earum deleniti nulla voluptatem eligendi laboriosam alias consequatur tenetur blanditiis possimus hic officiis temporibus est.,2026-02-14
1435,1,Quos amet vel repellat labore laborum culpa enim laboriosam enim harum veritatis vero velit.,2026-05-11
1436,5,Distinctio ipsa pariatur nobis velit atque quos animi quaerat repudiandae dolorum odit esse quo aspernatur accusamus eaque quod aliquid.,2026-04-06
1437,1,Culpa accusamus quos natus soluta itaque dolor quod inventore nam officiis.,2025-07-23
1438,2,Ut sed fugiat vero facere facere consequuntur magni nam velit soluta facere.,2025-07-21
1439,1,Quis eaque voluptas labore cumque id soluta magni beatae aliquid amet exercitationem ea odit excepturi dolorum eligendi.,2025-05-26
1440,1,Magni consequatur eaque occaecati magni enim ab repellendus porro est alias pariatur harum quisquam laboriosam incidunt tenetur officiis sequi minima.,2026-04-09
1441,5,Hic blanditiis modi ipsam soluta omnis expedita natus cum nemo vel pariatur doloribus ut corrupti asperiores pariatur itaque vitae iure.,2026-03-18
1442,4,Aspernatur ab autem possimus ipsam quos eos repellendus fugiat rerum.,2025-06-21
1443,5,Numquam a nihil ex culpa aut ea placeat nemo earum ducimus non voluptas esse laboriosam possimus maxime neque quaerat.,2026-02-18
1444,1,Aspernatur occaecati at ullam pariatur rem fugit voluptas et perferendis molestiae deleniti ratione impedit et quas.,2025-06-01
1445,2,Saepe quasi odit adipisci eum optio consequatur in fuga possimus laudantium aperiam tenetur voluptatum minus ut unde.,2026-01-14
1446,3,Facilis quis velit incidunt eum natus saepe odit impedit at alias maxime iste distinctio quos possimus doloribus neque esse cupiditate.,2025-09-26
1447,1,Quisquam voluptatibus eveniet quaerat dicta repellat possimus animi quibusdam enim eum libero totam.,2025-06-30
1448,4,Voluptatibus repellat iure quo ex tenetur eligendi commodi reprehenderit dicta libero amet dignissimos iure odio vero.,2026-01-02
1449,4,Minima asperiores vitae a occaecati laborum doloremque error dignissimos eius impedit.,2025-06-03
1450,3,Officiis vitae quibusdam voluptas dignissimos quam id asperiores illo debitis rem optio.,2026-01-12
1451,2,Alias cupiditate corrupti facere quam at perspiciatis vero dolorem expedita sit labore officiis pariatur ullam facilis ea quia.,2026-04-16
1452,3,Modi cumque amet sunt consequuntur quam doloribus enim iusto soluta ducimus tempora unde ut.,2026-04-22
1453,4,Aliquid illo asperiores blanditiis dolorem accusantium eaque omnis totam consequatur facilis odio deserunt.,2025-11-06
1454,3,Magni alias fugiat natus temporibus voluptatibus dolorem ex veniam.,2026-04-23
1455,3,Dolores fuga mollitia minima corrupti ea distinctio natus ipsa minus harum natus aliquam exercitationem facere quae.,2026-01-08
1456,2,Repudiandae sapiente tenetur a numquam quasi commodi occaecati a perferendis ab dolorum.,2025-10-10
1457,1,Ad iste et ex perspiciatis hic quos maiores quisquam odio quibusdam officia eum ut sint libero.,2025-09-14
1458,2,Cum cumque delectus dolorum accusantium id porro nemo sint repudiandae sequi.,2025-07-15
1459,4,Saepe aut sed fugit doloribus nihil quis reiciendis at error quaerat rerum voluptate culpa id consequatur corporis culpa.,2026-02-21
1460,4,Perspiciatis totam quis earum quaerat consectetur enim ex consequatur ea nisi cupiditate dolores corrupti porro quo.,2026-03-29
1461,2,Accusamus atque consectetur minima nobis molestias perferendis eaque doloremque aperiam.,2025-08-20
1462,4,Saepe necessitatibus quae doloremque dolorem cum eum fugit odio laborum illum nihil tempora possimus eius quasi reiciendis enim tempore modi.,2026-02-01
1463,5,Sit itaque ut dolor architecto eius mollitia a iure nisi hic tempore dolores amet laborum deleniti commodi voluptas in saepe.,2025-06-28
1464,1,In laudantium ut quos inventore nesciunt eos repellat pariatur nemo provident sint.,2025-10-09
1465,3,Molestiae qui porro deserunt magnam aperiam inventore nisi cumque voluptatibus veniam sequi.,2026-04-01
1466,1,Minima ratione deserunt vel eveniet quam dolor nobis adipisci corporis placeat quo.,2026-04-16
1467,1,Ullam repellendus aliquam quaerat atque eius asperiores est unde delectus voluptates dolorum fuga ipsam.,2025-08-04
1468,3,Minima reprehenderit necessitatibus nemo dolorem soluta officia alias impedit.,2025-10-07
1469,1,Possimus nostrum deleniti odit itaque beatae unde similique mollitia repellat suscipit sint.,2025-09-11
1470,2,Quaerat ipsum officia nesciunt ratione aspernatur temporibus unde accusantium doloribus adipisci odit.,2025-06-23
1471,1,Excepturi laboriosam necessitatibus animi praesentium delectus repellat labore dolore qui perspiciatis accusamus laboriosam nam.,2026-05-04
1472,4,Nam nobis esse repudiandae hic itaque iure occaecati expedita quia.,2026-01-07
1473,2,Eaque dolorum facilis officia sit aliquam odit fugit consequatur saepe.,2025-05-30
1474,3,Sapiente sint optio quia ex consectetur placeat rem odio provident tempora aut beatae pariatur tempora soluta explicabo.,2025-11-04
1475,5,Debitis esse asperiores in illum in officia ad officia necessitatibus eaque aliquid est illo laborum dolorum.,2026-05-22
1476,5,Reprehenderit cupiditate enim quisquam quis voluptatem culpa inventore earum quas dolore voluptatem odio eos dolore sit possimus.,2025-05-26
1477,4,Laboriosam exercitationem suscipit quae deleniti blanditiis non ex sapiente illum dolorum tenetur.,2025-09-21
1478,4,Totam qui dolores voluptas aspernatur voluptates cum facilis qui quo eius ipsam ipsa iure ipsa officiis pariatur enim cum impedit.,2025-10-29
1479,1,Alias voluptatem qui itaque aspernatur aliquam architecto alias consequatur voluptatum voluptas minima ab.,2025-08-20
1480,2,Non error consectetur beatae magni esse nesciunt accusantium eius nesciunt repudiandae omnis quod aperiam cumque deserunt.,2026-05-22
1481,4,Quasi rem totam cupiditate adipisci necessitatibus dignissimos quae impedit animi.,2025-06-05
1482,4,Assumenda asperiores itaque perferendis earum voluptas asperiores reiciendis fuga ab at quas maiores.,2026-03-22
1483,5,Et harum accusamus inventore vitae facere blanditiis blanditiis minima exercitationem asperiores illo necessitatibus blanditiis quaerat ut labore placeat aperiam.,2025-08-22
1484,3,Molestiae beatae vitae commodi aspernatur quae cupiditate quam sapiente ducimus quibusdam nulla ea.,2025-12-04
1485,3,Hic officia in eveniet occaecati veritatis sit delectus et.,2025-10-30
1486,1,Commodi praesentium libero libero asperiores corporis ipsa eum adipisci officia esse repellendus quibusdam.,2025-07-04
1487,1,Unde molestias ipsa ratione qui incidunt nihil et veniam repellat illum aut accusamus ut.,2025-11-17
1488,5,Nemo quos rerum nihil atque quo saepe quo ad nisi placeat beatae rerum similique iste provident voluptatibus nesciunt optio sapiente.,2025-11-30
1489,1,Maiores ipsum tempore quasi excepturi nihil temporibus numquam reiciendis eaque deleniti provident.,2025-09-30
1490,3,Corrupti incidunt officia laboriosam minus quae numquam sequi saepe.,2025-06-26
1491,2,Molestias soluta alias architecto quisquam natus quas praesentium iusto reprehenderit deleniti quasi laudantium libero.,2026-02-22
1492,5,Doloremque harum itaque architecto laudantium magni tempora dolorum amet non dolore facere quaerat similique dolor quia atque explicabo.,2026-05-03
1493,4,Debitis natus perferendis recusandae harum repudiandae harum cum aspernatur repudiandae totam nihil voluptas quasi perspiciatis fugit sapiente illo sunt.,2025-06-19
1494,2,Totam in nesciunt quod voluptate sed accusantium earum perferendis numquam quia debitis omnis veniam labore tempore dolor illum quo.,2025-12-21
1495,4,Dolorem rem dolor nesciunt officia expedita hic praesentium odit laudantium ab quaerat explicabo minima ad alias.,2026-03-30
1496,3,Perspiciatis amet dolor impedit numquam facere porro nihil magnam.,2025-09-16
1497,1,Expedita voluptate fuga inventore eos reiciendis nesciunt quibusdam quod.,2025-07-04
1498,4,Ea in hic fuga praesentium nisi quibusdam nesciunt voluptas ipsam at.,2026-02-15
1499,2,Quis magnam quia tempore nostrum modi impedit maxime nostrum dolores saepe.,2026-05-05
1500,2,Ipsum eius rerum possimus voluptate quisquam ipsa ex ad possimus.,2026-05-11
1501,5,Eius repudiandae excepturi sit qui autem repellendus explicabo velit.,2026-01-21
1502,4,Tempora nulla amet modi reprehenderit hic tenetur veniam animi incidunt enim.,2025-11-05
1503,1,Ipsam facere id veritatis sequi quo eveniet asperiores et ea praesentium voluptatem eligendi nisi consequatur a autem.,2025-08-20
1504,3,Itaque aliquid repudiandae ad laudantium at a a odio rem.,2025-09-10
1505,5,Magnam sed ducimus atque quisquam ab placeat ad iure.,2025-10-05
1506,1,Provident modi reiciendis beatae id assumenda accusantium sunt ea eaque nobis eligendi quos enim perferendis tempora id asperiores.,2026-05-05
1507,3,Commodi cumque iure saepe ipsam inventore accusantium eaque officia similique alias.,2026-04-25
1508,3,Accusantium sed minima esse recusandae explicabo ex consequuntur at minus et molestiae repellat temporibus sit numquam.,2026-05-02
1509,4,Sed pariatur ipsum earum deleniti non aperiam aliquam doloremque eos ipsam assumenda odit.,2026-03-24
1510,2,Ducimus quasi sed pariatur quisquam temporibus fugiat officia alias voluptas aperiam eveniet excepturi quod.,2025-06-23
1511,5,Nobis ipsam quidem autem quaerat omnis debitis nemo accusamus eligendi nisi odit modi recusandae culpa dicta id.,2025-10-01
1512,5,Et ratione tempore cum quidem incidunt illo a minima non.,2026-03-08
1513,5,At fugiat tempora soluta magni numquam magnam cum est.,2026-01-24
1514,1,Sed facere consectetur nemo nam eveniet praesentium totam occaecati error eos excepturi porro sunt mollitia deserunt.,2026-05-05
1515,2,Quia fugiat veniam harum quidem minima voluptatum eos minus voluptatum consequuntur quae.,2025-09-15
1516,1,Voluptates delectus nam tempora sint exercitationem vel ad accusantium tempora reiciendis autem aliquam eos minima.,2025-09-24
1517,5,Maiores velit asperiores aperiam quae odio dolorem vero ut eius eum debitis minus nobis officia dolorum earum assumenda.,2026-04-30
1518,2,Dicta libero maxime esse laudantium temporibus esse sunt ad rem est minima.,2025-05-29
1519,2,Aliquid dicta explicabo perferendis officiis rem ipsam incidunt ipsum ex a.,2026-05-16
1520,2,Deleniti quibusdam laborum tenetur odio tempora fugit animi dolore similique distinctio voluptatum architecto debitis ducimus.,2025-07-04
1521,1,Assumenda explicabo repudiandae rerum quasi corrupti et impedit aperiam eius sunt recusandae porro vero.,2025-12-17
1522,1,Officiis impedit molestias asperiores minus possimus perspiciatis quia labore animi harum ea totam.,2025-10-02
1523,5,Aspernatur pariatur quisquam nisi esse tempore animi repudiandae nihil.,2026-02-25
1524,5,Impedit magni dicta sed ex nobis ullam repudiandae ipsum dolorum rem nam labore fugit ea.,2026-04-21
1525,1,Dolore vel iusto commodi exercitationem suscipit iste omnis ab consectetur officia.,2026-03-26
1526,4,In explicabo repellat quo vitae debitis dolore pariatur laboriosam harum iste quis.,2025-07-23
1527,5,Perferendis ea doloremque esse odio magni voluptates nemo non facere facere dolores omnis occaecati cumque.,2026-01-31
1528,1,Sequi ea alias ducimus ea sint facere soluta praesentium.,2026-02-09
1529,4,Optio quisquam sequi accusamus velit quas iusto quo soluta cum ipsum earum dolores molestiae temporibus corporis sit iste sed explicabo.,2025-12-02
1530,4,Doloremque officiis officiis eaque ad reprehenderit nulla optio tempore dolores et earum sed rem aperiam nostrum voluptatum ea.,2025-12-08
1531,1,Quisquam error incidunt minima praesentium suscipit nulla vero odio aliquid quae id suscipit sapiente vel cupiditate cumque ipsa iure.,2025-06-07
1532,5,Expedita mollitia deserunt quos modi exercitationem illum saepe illo aperiam laborum.,2025-08-17
1533,2,Ut sapiente doloremque minus libero aperiam accusantium odit dolor asperiores porro blanditiis incidunt sint quaerat incidunt.,2025-12-10
1534,2,Quia optio nulla molestias quam officia inventore sunt hic vel asperiores consequuntur est necessitatibus.,2026-04-30
1535,5,Occaecati commodi laudantium officiis suscipit mollitia ipsam voluptates iste hic ipsam odit maxime necessitatibus itaque consequuntur itaque fuga cupiditate vero voluptatum.,2026-02-24
1536,3,Magnam voluptatem ad nulla eos architecto quod dolores exercitationem consectetur enim rerum repellendus atque aperiam soluta maxime delectus debitis architecto.,2026-04-21
1537,1,Repudiandae ex ipsam quos voluptas iste ad itaque officiis voluptate non.,2026-01-03
1538,2,Distinctio recusandae hic sint est mollitia deserunt suscipit cum eum ab.,2025-10-23
1539,2,Vero doloribus possimus qui quam cupiditate quasi alias cum veniam praesentium iste quo.,2025-06-01
1540,3,Architecto neque pariatur facere necessitatibus sequi ipsum aliquam atque rem a inventore omnis commodi mollitia delectus architecto eaque ullam ex.,2025-08-13
1541,2,Harum totam deserunt id iusto magni placeat voluptatem dolorem magnam doloremque odio rerum voluptatem est est.,2025-10-11
1542,2,Magni blanditiis optio ut deserunt consequatur impedit ipsum deserunt consequuntur ad reprehenderit quos eius sint neque corporis non consequuntur asperiores.,2025-07-30
1543,1,Repudiandae eaque ea distinctio quis occaecati amet nobis laboriosam tempore animi neque dignissimos laboriosam soluta atque ut dolor corrupti nihil.,2026-03-16
1544,1,Deleniti quidem voluptas sunt totam autem suscipit quos veritatis perspiciatis facilis expedita error voluptates aspernatur nam quibusdam quam.,2025-07-04
1545,5,Maiores veniam alias quas sequi ab voluptas placeat possimus sit maxime aspernatur praesentium dicta reprehenderit temporibus.,2025-11-12
1546,2,Ullam impedit totam laudantium deserunt aut sunt blanditiis voluptates eaque ex occaecati omnis.,2026-05-15
1547,4,Consectetur aspernatur placeat nisi voluptas nisi sapiente voluptatibus numquam omnis nobis architecto fugit aperiam officia et praesentium consectetur tenetur repudiandae.,2026-04-12
1548,1,Esse odio ratione ad necessitatibus ad soluta asperiores repudiandae accusamus quidem excepturi voluptatem optio voluptatibus impedit numquam eos non.,2026-05-20
1549,2,Occaecati voluptatem omnis tempora laudantium commodi a nesciunt alias blanditiis deserunt dicta occaecati voluptate adipisci.,2026-04-08
1550,5,Debitis quo vitae quia unde perspiciatis voluptatum molestias similique officia porro voluptas accusantium.,2025-12-29
1551,4,Voluptatibus libero eaque eius sunt ex explicabo voluptatibus placeat necessitatibus distinctio quaerat adipisci ex.,2025-06-02
1552,4,Quidem perferendis quos aut tenetur natus fuga necessitatibus occaecati doloremque officia neque possimus repellendus id ipsam ad.,2025-06-03
1553,2,Culpa voluptatem totam ex magnam voluptate minus quaerat ea voluptatum non corporis accusamus voluptatum maiores.,2026-02-07
1554,2,Nesciunt corporis quo ratione repudiandae eveniet maiores dicta quaerat vero aliquid laboriosam dolor iusto quibusdam corrupti fuga mollitia nam.,2025-06-30
1555,3,Odit esse explicabo porro itaque maxime veniam aspernatur deleniti voluptate quam expedita officiis unde accusamus animi asperiores aut quae.,2025-08-29
1556,4,Asperiores soluta a voluptas maiores facere quas autem sed vitae consequatur deleniti dolorum unde ab quam.,2025-10-25
1557,2,Perspiciatis cumque eveniet dolorum nemo corporis sapiente inventore earum aut culpa vero quis quod.,2026-02-23
1558,5,Molestiae aperiam tenetur animi deleniti consectetur ex nihil autem rem autem atque sed maiores doloremque dolorum provident nobis quibusdam.,2025-06-03
1559,1,Ut illum asperiores commodi repellendus impedit quaerat error at praesentium odio.,2025-07-22
1560,2,Aspernatur cum dignissimos voluptate ad in neque fugit voluptatem.,2025-09-10
1561,5,Voluptates officiis temporibus delectus molestias officia voluptates deleniti magnam aut dolores eligendi tempora cupiditate magnam quibusdam eaque nobis animi voluptatem maiores.,2026-04-08
1562,3,Quod accusamus quas facilis nostrum temporibus quas earum minima architecto molestiae id ex ipsum debitis ad magnam delectus enim.,2025-11-26
1563,4,Veritatis rerum fuga aspernatur vero expedita itaque sit magni saepe soluta.,2026-05-21
1564,5,Excepturi at est facere voluptate facilis numquam ducimus occaecati consequuntur atque dicta mollitia consequuntur quod laboriosam.,2026-01-23
1565,2,Necessitatibus animi cum tempora nulla officia itaque cupiditate et autem officia quaerat.,2026-03-24
1566,5,Adipisci numquam sapiente maiores beatae voluptates autem facilis quis fugit quam.,2026-04-05
1567,5,Aperiam aperiam consequuntur sed dolor accusamus beatae aperiam incidunt rerum delectus eligendi iure.,2025-11-19
1568,5,Magnam soluta adipisci sed excepturi tenetur consequuntur consequatur laboriosam labore velit consectetur amet esse iure numquam officiis nostrum.,2025-09-06
1569,2,Vel possimus expedita perferendis ipsa quod aspernatur distinctio accusamus ipsum ipsa enim numquam iste praesentium provident deleniti natus.,2025-09-28
1570,2,Ad aliquam beatae autem sint libero aliquid veniam explicabo delectus aliquid architecto sunt ratione laborum repellat ab eligendi.,2026-01-02
1571,1,Vero fuga necessitatibus dolore officiis tenetur distinctio mollitia repellat doloremque beatae.,2026-02-13
1572,1,Inventore illo similique sunt iusto perspiciatis tenetur impedit laborum laborum.,2026-03-08
1573,4,Nobis minima quaerat ex architecto beatae fuga molestias iste dolores animi.,2025-09-11
1574,2,Libero eum fuga ullam id delectus error distinctio sit quam esse reiciendis.,2026-03-03
1575,1,Quam eligendi fugiat neque dignissimos architecto eligendi officia libero sint maxime ad officia itaque aperiam suscipit reprehenderit libero ducimus.,2026-04-26
1576,3,Eius aperiam quasi repudiandae quo nobis cumque esse doloremque non dignissimos harum vero enim.,2025-12-29
1577,2,Quidem ratione quasi blanditiis molestiae asperiores architecto cumque laudantium ipsam dolore reprehenderit iure nihil ipsa maxime eos praesentium iure.,2025-10-13
1578,3,Porro doloribus odio aut maxime rem maxime et libero sequi commodi distinctio ex.,2025-12-03
1579,5,Quisquam odio exercitationem ipsa itaque rem quam nobis quaerat labore ipsam animi est odit excepturi distinctio voluptatibus architecto deserunt quod ea.,2025-10-03
1580,1,Iusto vitae nesciunt autem delectus numquam facere ipsum consectetur amet facilis.,2026-03-31
1581,1,Cum sed autem iusto odio explicabo eum unde illo totam quis quibusdam dolor est magnam consequatur culpa delectus amet asperiores in.,2025-08-21
1582,2,Illo itaque fugiat culpa aperiam repudiandae placeat quam maiores in numquam iste doloremque cumque alias nemo voluptatibus voluptate quasi.,2026-03-04
1583,1,Harum saepe numquam ratione animi quasi in expedita id necessitatibus tenetur beatae quam voluptatem totam.,2025-09-17
1584,5,Ducimus pariatur consectetur id neque eaque aut quia reiciendis recusandae perspiciatis alias necessitatibus laudantium quia error veniam illum.,2026-03-25
1585,1,Veniam atque facere possimus rerum et nobis labore recusandae tempora illum excepturi inventore.,2026-01-23
1586,4,Aspernatur earum recusandae earum debitis adipisci repudiandae temporibus dolor ratione aliquid iste cumque.,2025-07-24
1587,5,Natus ducimus ut nisi ex magni deserunt id ut cum quas.,2025-12-08
1588,4,Aspernatur quo voluptates porro iusto sint ipsum distinctio magnam.,2026-02-11
1589,3,Animi aut rem alias expedita porro neque velit minus facilis vitae corporis iure excepturi earum recusandae reiciendis id.,2026-01-26
1590,1,Occaecati eaque mollitia non molestias illum eius autem vel cumque autem quam facilis.,2025-12-08
1591,2,Est iusto dolorum omnis necessitatibus animi blanditiis sunt perferendis aspernatur harum repudiandae quidem est pariatur asperiores corrupti nostrum incidunt quidem officiis.,2026-04-03
1592,2,Ea assumenda quibusdam quidem eaque laudantium sint cumque optio itaque soluta ex dignissimos impedit repudiandae.,2025-10-24
1593,2,Dolores iste deleniti quidem id eaque eveniet voluptatibus id eos quis suscipit.,2025-11-12
1594,2,Assumenda nihil tenetur eum hic doloremque similique perferendis laborum architecto.,2026-04-16
1595,4,Aspernatur laudantium excepturi debitis nobis cupiditate iste recusandae neque illo enim.,2025-07-28
1596,4,Quis consectetur sed consequuntur expedita molestias architecto ipsam ratione laboriosam ut.,2026-04-26
1597,4,Laudantium fugiat laborum cum ea totam facilis maxime repellendus voluptate.,2026-03-10
1598,2,Ipsa accusamus nesciunt dolor voluptatum eligendi maiores quasi rem iusto dolor sed beatae.,2025-07-15
1599,4,Delectus harum minima fugit maxime molestiae ad nihil impedit dolores ad delectus corporis voluptatum accusamus dicta illum repellendus eligendi.,2026-02-21
1600,4,Nulla nam doloremque dolore reiciendis eaque placeat dolor iusto.,2025-11-13
1601,2,Reprehenderit libero necessitatibus neque occaecati placeat voluptatibus provident numquam soluta eveniet culpa reprehenderit qui commodi doloribus quas.,2025-10-01
1602,2,Velit quasi sit magni consequuntur est perspiciatis cupiditate totam assumenda voluptatibus repudiandae nostrum.,2025-07-04
1603,3,Occaecati pariatur ullam optio ad reiciendis reprehenderit adipisci modi quam.,2026-01-05
1604,2,Accusantium dignissimos hic debitis corporis eaque error repudiandae delectus facere ea harum doloremque.,2025-12-03
1605,2,Porro quae laborum delectus corporis reiciendis voluptatum dolores eum quod hic.,2026-05-07
1606,5,Deleniti soluta necessitatibus tenetur ducimus atque provident hic repellendus voluptates quos in molestias cupiditate vero rerum quos soluta dolore neque.,2026-04-23
1607,3,Repellendus a quasi exercitationem iure sapiente odit illo quia tenetur laboriosam voluptate atque assumenda totam consequatur a.,2026-03-15
1608,1,Deserunt nemo nesciunt assumenda ea id unde similique quod vel inventore.,2025-09-27
1609,4,Excepturi temporibus aperiam fugiat sunt sit officiis facere nulla vel neque velit nisi voluptatum impedit ipsam aperiam delectus.,2025-10-21
1610,2,Fugiat voluptatem nemo nemo reiciendis placeat sed doloremque pariatur qui deserunt perspiciatis.,2025-11-29
1611,2,Error aut in inventore blanditiis iusto quisquam provident earum debitis atque.,2025-12-23
1612,5,Perspiciatis consectetur officia repellat recusandae sapiente deleniti maiores pariatur soluta placeat adipisci.,2026-03-04
1613,5,Ducimus dignissimos iste aut optio nihil facilis dolores nam accusamus quasi doloremque labore.,2026-02-25
1614,5,Error dignissimos veritatis assumenda dolor officiis quasi voluptates quae.,2025-08-13
1615,2,Aperiam ipsa aspernatur perferendis odio aperiam voluptatum dolorem rem quis ea occaecati praesentium.,2026-04-09
1616,4,Sint distinctio vel odio velit cumque esse laborum illum nemo consequuntur perferendis adipisci.,2025-08-29
1617,4,Consequatur veniam nihil quas exercitationem mollitia aliquam ut ut expedita blanditiis nam nemo placeat aut natus officia voluptas incidunt.,2026-02-02
1618,5,Fuga eos non autem esse dolorum in aut dolor maxime inventore ratione.,2025-09-23
1619,4,Iure enim harum inventore inventore ab earum dolorem placeat laborum pariatur possimus dolores iusto consectetur praesentium.,2026-01-01
1620,1,A non totam fugiat dolores aspernatur autem ratione repellendus nisi sequi optio harum quo consequuntur nisi ipsum consequuntur.,2025-10-16
1621,2,Earum mollitia cumque deserunt nulla voluptate officia suscipit mollitia.,2026-01-17
1622,3,Iste quia vel harum ducimus vitae accusamus quod blanditiis reprehenderit odit exercitationem soluta iste ex reiciendis ea saepe ipsa eos doloremque.,2025-10-13
1623,5,Aliquid nobis iure sapiente labore eligendi ipsam repellendus odio neque at consectetur ut quibusdam.,2026-01-30
1624,5,Explicabo deserunt perspiciatis animi magni officia cum quidem delectus blanditiis distinctio nulla voluptatibus laborum dolor reprehenderit est ut modi placeat.,2026-03-08
1625,5,Nulla autem non sunt iure doloribus facere ut provident omnis corporis ex officia voluptates dolorem.,2026-05-21
1626,4,Deserunt illo magnam atque itaque blanditiis rem fuga distinctio odio nisi ex voluptate non unde rem.,2026-05-01
1627,1,Pariatur maxime excepturi quod consectetur ea impedit quos aperiam nemo iure corrupti ex possimus eius ipsum dignissimos.,2025-09-25
1628,5,Error dolor est necessitatibus blanditiis culpa architecto dolorum quam voluptatem alias illo sapiente corporis tenetur mollitia veritatis libero alias ad.,2026-05-06
1629,4,Culpa pariatur laborum porro voluptatibus ratione dicta dolorum iure fugit repellendus repellendus amet iste vitae sunt.,2025-08-25
1630,4,Repellat laborum asperiores officia nesciunt hic omnis quisquam vitae atque sed ad cumque reiciendis dolorem veritatis illum facere aliquam.,2025-09-20
1631,1,Quae aperiam amet corrupti corrupti amet corporis et quidem distinctio adipisci.,2025-10-04
1632,4,Nesciunt explicabo aperiam quasi esse ducimus perferendis sapiente debitis nemo provident voluptatum.,2026-01-20
1633,1,Consectetur laboriosam deleniti nulla dolorum vero libero laboriosam quo et unde eligendi consequatur fugit deserunt.,2025-08-11
1634,1,Quod sed nam tempora sunt sint exercitationem necessitatibus aliquam quae natus recusandae nam.,2025-06-03
1635,4,At aliquam in aliquid optio ratione optio qui rem aliquam facilis quia doloribus voluptatum.,2026-02-01
1636,2,Vitae placeat qui numquam deserunt eligendi porro doloremque quibusdam occaecati vero.,2025-11-21
1637,3,Beatae quaerat corrupti voluptate numquam minus at fugit accusantium inventore deleniti cumque dolor minus fugiat voluptatibus pariatur.,2026-01-21
1638,1,Perferendis optio reprehenderit molestias veniam aperiam unde doloremque molestiae dolores id.,2026-05-15
1639,4,Perspiciatis tenetur quo consequuntur saepe recusandae ipsum sunt dolores facere est optio temporibus non placeat expedita tenetur iste delectus.,2025-06-15
1640,3,Dolorum voluptatem praesentium cum rem optio doloremque praesentium voluptas corporis dolorem labore exercitationem asperiores eum non.,2026-03-02
1641,4,Odit omnis numquam facilis laboriosam maxime fugiat dolores excepturi nemo odit velit rerum ad sed laboriosam dolore ullam delectus fugit.,2025-08-04
1642,5,Reprehenderit veniam eos pariatur similique porro nemo hic nulla provident doloremque nam molestias quam qui.,2026-05-11
1643,4,Asperiores perspiciatis beatae odio veritatis possimus repellat facilis est.,2025-09-28
1644,2,Mollitia est nisi a earum facilis reiciendis reprehenderit molestias voluptas accusamus deleniti consequatur aut.,2025-05-28
1645,4,Itaque nostrum amet exercitationem dolorum tempore nisi voluptatum dolores asperiores vero distinctio ab earum quam dolorem laborum.,2026-02-18
1646,3,Quis amet corrupti quibusdam nisi cupiditate exercitationem rerum eveniet facere voluptas culpa dolor animi animi quis incidunt unde.,2025-07-07
1647,4,Dignissimos ad debitis expedita iure inventore saepe numquam cupiditate temporibus laudantium in atque.,2025-05-28
1648,1,Distinctio facilis tempora expedita debitis numquam facilis id expedita cum neque cupiditate.,2025-07-06
1649,1,Sapiente adipisci tempore necessitatibus soluta asperiores error facilis dignissimos ipsa sapiente quidem quis tenetur voluptatem.,2025-11-07
1650,3,Expedita impedit eos magni molestiae tenetur voluptatum ipsa nesciunt tempore eum libero.,2025-08-25
1651,1,Eum natus similique velit amet iure quas neque unde.,2025-12-23
1652,4,Architecto fugiat odit est consequatur voluptatum ex magnam a sit incidunt fugiat nostrum nulla aliquid.,2026-01-05
1653,5,Aliquid quod porro illum ab veritatis harum magni quos repudiandae magnam adipisci eos impedit quis ex similique occaecati cum.,2025-08-19
1654,5,Culpa ex beatae quisquam repellendus natus cupiditate repellendus quam eaque reprehenderit voluptatem soluta consequatur laudantium doloribus vero atque sit maiores.,2026-02-06
1655,1,Nihil iusto at perferendis consectetur nisi eveniet fuga rem nisi quas molestias dolore.,2025-07-10
1656,3,Voluptatibus dolorem magnam optio necessitatibus occaecati nobis nostrum quibusdam inventore expedita velit ullam officia nobis excepturi consequatur quaerat officiis eum consectetur.,2026-04-25
1657,5,Necessitatibus aliquid molestias libero error nemo dolorum aperiam aspernatur.,2025-06-12
1658,3,Incidunt distinctio sed natus nostrum atque sit et a perferendis quibusdam non harum sed nulla iste officiis eaque adipisci provident.,2026-04-27
1659,1,Laudantium quod dignissimos tenetur voluptatibus facere quasi cumque accusamus error accusantium magni eos at maiores molestias unde illum earum alias.,2025-11-08
1660,3,Molestias cupiditate eveniet provident est ex suscipit non nemo itaque rerum quis voluptatem voluptatem sequi repudiandae neque.,2025-09-27
1661,5,Omnis adipisci similique illo tenetur incidunt eius distinctio facilis aut repellendus ea similique dignissimos sed est.,2026-05-03
1662,3,Nihil facilis voluptas laborum qui possimus nesciunt sed suscipit impedit saepe beatae fugiat natus perferendis.,2025-11-17
1663,2,Nisi ipsa accusantium minima debitis incidunt accusantium cumque dolorem repellendus omnis ad numquam.,2025-06-26
1664,5,Facilis nesciunt quod nesciunt ex quos dignissimos ea ea deserunt exercitationem odio incidunt.,2025-05-28
1665,1,Labore necessitatibus maiores quam nihil assumenda quasi quasi tempora minus sit beatae.,2025-08-09
1666,2,At quos porro provident assumenda quam doloremque labore eveniet pariatur cum dicta eaque cumque aspernatur temporibus accusamus iure.,2026-03-14
1667,3,Corporis magnam quo impedit doloribus magni quis nulla aliquam maiores.,2026-01-21
1668,5,Deleniti veniam cupiditate amet magni consequuntur sunt esse maxime omnis.,2026-03-26
1669,4,Similique beatae laudantium quod quod atque sunt nesciunt labore rem alias enim consequuntur.,2025-07-30
1670,2,Voluptatibus nihil accusamus quos odio maiores cum eius atque aliquam commodi reiciendis officiis veniam dolore.,2026-01-28
1671,3,Quos dolores laudantium eius ducimus dolore suscipit animi exercitationem pariatur nemo ex rem at dolore doloribus expedita beatae illum cum cum.,2025-11-24
1672,3,Occaecati ex culpa veritatis porro nulla mollitia voluptatum illo aspernatur.,2025-09-08
1673,4,Veritatis ab amet cum maiores velit reprehenderit eaque itaque quod fugiat eligendi odio excepturi repellendus harum.,2026-01-02
1674,1,Consectetur quidem doloribus quam aliquam sequi autem earum unde fugiat ullam voluptatem sunt neque ad consequatur natus sapiente minima.,2026-04-21
1675,3,Velit ut ducimus earum tenetur nesciunt quasi ipsa explicabo iure corporis tempore animi laudantium ratione esse commodi autem.,2025-11-28
1676,4,Illum necessitatibus nesciunt velit repellendus eveniet sit error esse possimus facilis est architecto eos et.,2025-09-17
1677,5,Consequatur suscipit quidem modi reiciendis error et accusantium nam dolorem ad dolores aspernatur unde eos.,2025-08-27
1678,1,Dolores nisi dolore ipsa non veniam excepturi minima nostrum laborum.,2025-09-25
1679,5,Tempora consequatur quod ipsam commodi facere saepe cum blanditiis voluptatum voluptas voluptates a dignissimos minima distinctio quidem delectus.,2025-06-10
1680,5,Consequuntur dolorem sint iste corporis ipsam totam nobis exercitationem reprehenderit aliquid perferendis sequi doloremque doloremque totam nobis optio.,2025-12-25
1681,4,Temporibus vel distinctio veritatis culpa voluptatibus minus totam deleniti odit facilis placeat molestias quos debitis impedit dolorem veniam minima.,2025-07-10
1682,3,Reiciendis quo fuga aut aperiam minima quisquam natus porro maiores quae at commodi aut.,2025-06-13
1683,1,Nulla delectus blanditiis repellendus quae doloremque consequatur odit illum deleniti omnis nihil omnis voluptatem excepturi repellat deserunt eligendi perspiciatis quae.,2026-02-16
1684,4,Ipsam numquam earum repudiandae sit perferendis dolor enim eius deserunt occaecati quo sed sint nostrum aspernatur qui quis dolore fugiat.,2026-04-09
1685,1,Consequatur officia a maiores recusandae libero vero esse laboriosam dolores nemo adipisci laborum.,2025-11-04
1686,2,Assumenda temporibus facilis nulla molestiae nihil vel voluptates amet esse beatae.,2025-12-27
1687,1,Saepe omnis iusto cum eligendi officiis facere voluptatum ipsam necessitatibus occaecati aspernatur corporis temporibus distinctio at quo iure.,2026-03-29
1688,2,Nemo autem illo sequi animi autem modi amet eius voluptate quibusdam iure harum blanditiis sint dolore harum excepturi.,2026-01-02
1689,1,Facilis ad alias dolor similique quibusdam expedita similique dolores quod voluptates voluptatibus dolores earum reiciendis voluptas repellendus at.,2025-06-01
1690,2,Earum tenetur magnam sint dolorem aliquid debitis cupiditate rem modi deleniti deserunt sequi voluptas ex beatae consequuntur optio vel.,2025-09-11
1691,2,Veritatis quam amet fugit doloremque ad alias quos perferendis nam ut perspiciatis.,2026-02-08
1692,5,Sint corrupti cum eligendi suscipit hic veritatis quidem perferendis laudantium dolore asperiores.,2025-07-06
1693,1,At fuga tempore veritatis amet harum dolorem voluptatum unde suscipit culpa ut ipsam voluptates ducimus incidunt sint quia commodi illum.,2025-12-24
1694,4,Harum laudantium officia nihil eius explicabo quibusdam velit quidem eos quidem porro facere quos ea voluptates facilis nobis.,2025-06-08
1695,5,Amet earum laboriosam nulla velit omnis id possimus deleniti sed rem numquam totam dolore autem aliquid expedita sapiente doloremque.,2026-03-17
1696,4,Nobis delectus at quo odit veniam et repellat ducimus at ad qui distinctio odit nostrum ratione provident impedit molestias.,2025-11-27
1697,4,Rem dolores minima quibusdam tempora voluptates officia veniam incidunt eum odio ipsum quisquam ipsum natus quis laboriosam consequatur quasi.,2025-10-08
1698,1,Odio officia animi quisquam esse fugit cumque labore illo ducimus voluptatem suscipit.,2025-12-25
1699,2,Eveniet rem suscipit iste similique soluta tenetur laboriosam debitis et animi maiores ex ab similique vitae minima quod suscipit.,2026-04-21
1700,1,Fuga autem veritatis nobis dolore temporibus culpa eligendi laboriosam officia odit nulla culpa.,2026-01-25
1701,5,Cupiditate ipsa autem soluta quam quas numquam recusandae sit odit deleniti asperiores quisquam sed expedita.,2025-06-27
1702,3,Facilis repellendus aliquam quaerat fugiat dolore occaecati aperiam est illum.,2025-10-25
1703,5,Numquam laboriosam quae rerum omnis architecto animi incidunt eveniet veritatis.,2025-11-29
1704,3,Necessitatibus quam corrupti quas quo minima nihil aliquam vero itaque rerum suscipit quibusdam veniam laborum nulla.,2025-09-17
1705,5,Minus impedit itaque animi iure reiciendis doloremque dolor odio voluptate.,2025-06-17
1706,5,Recusandae ipsum non laudantium impedit aliquid aliquam voluptas odio totam repellendus iusto amet nisi iure aperiam dolor fuga perferendis.,2025-08-16
1707,4,Fugit sint molestias fugiat a tenetur ratione repellat aliquam libero repudiandae aut ullam quibusdam consequatur blanditiis.,2025-10-01
1708,3,Nam dolor voluptatem nostrum et sapiente alias ullam rerum quis tempora tenetur quasi necessitatibus ratione quas.,2025-08-06
1709,2,A fugit iure nulla tempore sapiente aliquam voluptatem eligendi esse aspernatur.,2025-12-18
1710,2,Dolorem debitis corrupti corrupti beatae fugit quo totam totam vel magni harum inventore corporis aperiam soluta accusantium.,2026-01-10
1711,2,Repellat ducimus error repellendus hic eveniet voluptas provident unde culpa quaerat.,2025-09-18
1712,3,Optio recusandae totam rerum ea minima ex iure exercitationem saepe eveniet voluptatem cupiditate consequuntur dolorum quisquam in doloribus.,2025-12-27
1713,1,Debitis beatae iure eum magnam libero commodi placeat deserunt a accusantium at dignissimos reiciendis consectetur doloremque.,2026-03-09
1714,3,Impedit incidunt quasi repellendus eius maxime cumque magni laudantium ab tenetur nostrum aliquam rerum error inventore adipisci neque harum.,2025-12-29
1715,4,Sint quidem ipsa necessitatibus adipisci culpa recusandae non ipsa officiis sapiente nisi tenetur odit ducimus quaerat.,2026-02-27
1716,5,Voluptates error voluptatum eveniet ducimus rerum eum magnam eaque esse illum.,2026-03-02
1717,5,Iure veniam doloribus repellendus odio beatae deserunt cumque magnam neque odio cupiditate tenetur iure dolor vel quod.,2025-12-28
1718,2,Quisquam incidunt eum quidem modi enim libero esse nisi reiciendis voluptatem porro exercitationem eius animi tempora adipisci.,2026-02-23
1719,2,Culpa aut error harum eveniet sed vitae eos tempore.,2026-03-02
1720,2,Mollitia mollitia voluptatem dolor voluptatem esse vero quam dolor harum maiores cum.,2026-03-25
1721,1,Quo minima vitae quisquam repellendus quo perferendis esse temporibus corrupti a.,2025-12-12
1722,5,Sapiente nostrum a dicta repellat iure id recusandae aspernatur facilis itaque voluptas aut.,2026-03-20
1723,4,Soluta beatae aspernatur quibusdam minus odio saepe distinctio explicabo non cum asperiores facere iure.,2026-01-10
1724,3,Excepturi nemo aperiam dicta nobis sunt facilis fuga ipsa quia quidem quis blanditiis rem aperiam omnis.,2026-02-18
1725,2,Nam at adipisci neque eaque dolore alias itaque dolorem quibusdam perspiciatis excepturi natus corporis officia occaecati mollitia rerum minima fugit.,2025-08-09
1726,1,Vel sit repellat impedit dolorem odit assumenda doloribus quia itaque dolorem nisi.,2025-06-17
1727,3,Voluptatibus eius eaque voluptate delectus quam eos nihil adipisci fugiat voluptatum ducimus fugit beatae velit magni dicta temporibus.,2025-11-28
1728,2,Sit aperiam libero provident consequatur molestiae nisi est est amet minus omnis ea nam nesciunt laborum excepturi recusandae.,2025-11-14
1729,4,Laborum reprehenderit officiis ex non totam nam nihil debitis unde enim exercitationem eos quas vel corrupti accusantium beatae odio nostrum.,2025-08-20
1730,2,Autem repudiandae labore minima reiciendis fuga natus saepe adipisci expedita provident.,2025-08-23
1731,3,Fugit ut voluptate inventore debitis quos dolores excepturi dolores ut rerum adipisci perferendis tempora omnis qui velit nisi similique.,2026-03-22
1732,1,Sint fuga possimus iste reprehenderit pariatur dolor cupiditate facere est minus saepe.,2025-10-28
1733,4,Commodi voluptatum qui blanditiis ipsam commodi dolores dignissimos nam.,2026-03-10
1734,4,Consequuntur eos natus debitis excepturi excepturi neque est mollitia suscipit labore itaque architecto eum placeat non.,2025-12-11
1735,2,Tempore pariatur perspiciatis assumenda animi expedita reprehenderit molestiae quo voluptatibus ex culpa tenetur distinctio incidunt.,2026-05-21
1736,5,Dicta quod sequi inventore quisquam a nobis consequuntur molestias optio optio provident nam corrupti.,2025-09-06
1737,3,Laboriosam aut dolore omnis ratione aliquid nihil similique quibusdam explicabo repudiandae fugiat nihil placeat odit voluptatum molestias vitae.,2025-06-26
1738,3,Maxime natus eius aspernatur eligendi nemo dignissimos quisquam assumenda eum quidem provident et vitae cumque quibusdam.,2025-09-23
1739,3,Aut aliquam quaerat omnis ab doloribus voluptate dolorum doloremque fuga commodi.,2025-08-03
1740,2,Sint corporis omnis incidunt explicabo at possimus aperiam ipsam repellat reiciendis maiores ipsa officia enim.,2025-08-07
1741,4,Placeat veritatis est sit adipisci iure eos excepturi perferendis tempore iste laborum ullam commodi.,2025-12-01
1742,1,Tempore reprehenderit quibusdam recusandae sint magnam atque doloribus quidem suscipit dolore quos suscipit provident.,2025-09-20
1743,1,Aliquam itaque explicabo porro repellendus illo animi voluptatum deleniti temporibus excepturi itaque.,2026-03-13
1744,5,Incidunt aliquid harum odit explicabo maiores facere corporis aspernatur aliquid maiores illum exercitationem sed distinctio harum.,2026-03-25
1745,3,Libero sint officiis ea debitis earum perferendis saepe deserunt ipsa eligendi sapiente et.,2026-05-11
1746,4,Amet a architecto optio culpa temporibus laborum harum dolor suscipit commodi dolor perspiciatis occaecati corporis aspernatur.,2025-07-11
1747,2,Magni nemo dolore sapiente autem nostrum labore nobis atque ex.,2025-10-07
1748,3,Sed veritatis iure facere in ab maiores vitae inventore ipsa.,2026-04-06
1749,3,Quibusdam commodi consectetur nisi assumenda consectetur maxime dolore magni tenetur voluptates illo ipsa recusandae aspernatur.,2026-04-25
1750,5,Dicta dignissimos sapiente quisquam itaque enim doloribus dolores consequuntur voluptas quia perspiciatis incidunt delectus reiciendis exercitationem doloribus laudantium.,2025-06-29
1751,2,Aperiam similique soluta eum quidem incidunt quo beatae dolor autem cumque atque ex modi deserunt cupiditate.,2025-07-29
1752,5,Sit voluptates deserunt commodi quos ad dicta illo quae est.,2026-01-30
1753,3,Impedit odio magnam eveniet error quia incidunt et quae molestiae beatae sed sequi laborum nostrum nam debitis quidem tempora temporibus.,2026-02-12
1754,1,Molestiae laudantium iusto reprehenderit tempore expedita dolor aperiam architecto est pariatur fuga molestias optio eum in natus inventore.,2026-04-11
1755,5,Molestias ratione eos sunt aspernatur est cumque quia odit maxime possimus temporibus odit.,2025-10-07
1756,1,Sint assumenda incidunt quod repudiandae consequatur quas voluptate nulla ipsum saepe facilis quisquam.,2025-09-03
1757,4,Soluta repellendus occaecati sint tempora doloremque voluptatem ipsam perspiciatis.,2026-02-13
1758,4,Ducimus sed alias quasi voluptatibus nam dicta iusto commodi quo beatae delectus provident temporibus dolor totam eius.,2025-12-12
1759,5,Quasi excepturi quidem delectus quasi beatae sunt dicta quas consequatur vero amet aspernatur ab id eligendi ipsa facere sapiente magnam.,2025-07-18
1760,5,Labore ratione libero temporibus numquam minima maiores esse sequi numquam quas nulla sunt iure.,2026-04-25
1761,3,Labore aut soluta assumenda totam nobis eos architecto sint amet fugiat provident velit reiciendis odit necessitatibus explicabo accusantium similique vitae.,2025-11-01
1762,2,Veniam quis perferendis vitae hic sequi molestiae optio non minima corporis accusantium.,2025-10-17
1763,3,Velit vel ex odit voluptatum soluta totam ea atque quidem aliquam ipsam.,2025-11-07
1764,3,Fugiat atque rem dolor debitis natus nobis labore amet quae occaecati necessitatibus sint architecto adipisci earum.,2026-05-17
1765,3,Perspiciatis cum quaerat labore error et maxime incidunt ipsam architecto possimus necessitatibus illum fugiat beatae odio similique excepturi occaecati illo architecto.,2025-11-28
1766,3,Quam voluptates blanditiis qui vel totam occaecati placeat esse reprehenderit odit sint quae facilis.,2025-12-17
1767,4,Debitis voluptates amet maxime ex ullam est voluptas adipisci cupiditate.,2025-08-09
1768,1,Voluptate iste dolor quaerat delectus doloribus laudantium dolorum aspernatur error.,2026-02-02
1769,4,Est eos numquam commodi maiores tempore sit hic sapiente quis quos.,2025-10-23
1770,4,Non unde repellendus quas eos consequuntur veniam non atque repellendus libero libero eaque quisquam aspernatur excepturi assumenda laboriosam.,2025-12-27
1771,2,Voluptates quasi laudantium necessitatibus doloremque dolore earum animi sint ut nesciunt repellendus numquam in officia.,2025-10-18
1772,4,At id cupiditate at expedita amet incidunt unde minus porro quod ipsa saepe unde distinctio.,2026-03-13
1773,5,Fuga quibusdam iure perspiciatis voluptas commodi aperiam nihil voluptas sequi omnis non assumenda fugit quia a sint voluptatem.,2025-07-21
1774,1,A cupiditate ipsa similique quod qui esse delectus magni.,2026-03-11
1775,2,Veniam a voluptas dolor molestias magnam quidem in quos enim tempore excepturi natus qui.,2025-12-19
1776,4,Omnis sequi impedit officia reprehenderit esse officiis laborum earum quae.,2025-08-28
1777,3,Ab quam consequuntur fugiat similique illo iusto officia dignissimos facilis voluptas qui.,2026-04-20
1778,5,Minus ratione enim laborum possimus harum eveniet a corporis quia in dignissimos tenetur beatae consectetur cupiditate voluptatem fuga.,2025-11-12
1779,1,Asperiores cum hic quibusdam porro fuga quis nemo saepe et voluptas officia ipsam.,2026-05-20
1780,4,Enim necessitatibus optio incidunt debitis repellat ducimus ipsa a voluptatem.,2025-06-30
1781,3,Rem vitae animi vitae aperiam corporis et quo quaerat perspiciatis inventore.,2025-10-23
1782,2,Occaecati omnis dolores nobis harum laboriosam doloribus sit quos odit quidem.,2025-08-12
1783,4,Quisquam doloribus deserunt deserunt ipsum inventore maiores mollitia recusandae minima ratione corrupti maiores vero distinctio sit inventore molestiae tenetur fugiat.,2025-05-25
1784,5,Quia dolorum alias repellat odio rerum occaecati doloremque molestiae laudantium quasi facere.,2026-03-14
1785,2,Neque minima fugiat maiores unde nisi adipisci deserunt dignissimos enim nisi.,2026-02-17
1786,4,Quam animi hic culpa quaerat illum occaecati delectus at animi illo itaque voluptatem rem modi impedit ipsam quae praesentium laboriosam.,2025-12-26
1787,5,Voluptatum voluptatem aliquid officiis ipsa tenetur magnam ratione tempora dolorem alias dolor laborum aliquam incidunt voluptate consequuntur blanditiis quae.,2025-09-14
1788,1,Corrupti voluptates possimus libero harum autem modi quod beatae modi illum hic distinctio.,2025-12-20
1789,5,Error id velit voluptas delectus iusto sed nobis expedita quisquam repellat optio minima alias iure mollitia perspiciatis error dolorem officia.,2025-12-19
1790,4,Minima sit ab neque repellat totam inventore tempore ut necessitatibus quos voluptate officia soluta est.,2025-08-10
1791,4,Ut aperiam eaque adipisci magnam iusto dolore quam laborum.,2026-01-29
1792,1,Dolorem enim recusandae doloremque fugit eos natus aut aperiam libero ullam non ipsam consequuntur.,2026-05-22
1793,2,Consequuntur inventore sit fugiat perferendis quidem eum doloribus veniam ab libero consequatur.,2026-01-09
1794,3,Quia sequi labore in sit voluptatibus iusto tempora ipsa natus sequi porro tempore autem facere.,2025-06-30
1795,4,Fugiat nisi ab ut maiores sit culpa vero alias exercitationem ab ad nostrum quo nulla aspernatur expedita minus unde.,2026-03-21
1796,3,Dolor nesciunt optio sint sint ducimus explicabo ipsa delectus delectus atque quia modi nostrum eius assumenda numquam quo nemo.,2025-10-22
1797,2,Tenetur illo nobis dignissimos amet mollitia et nesciunt nesciunt aliquam.,2025-09-14
1798,2,Expedita omnis quisquam nisi provident accusamus inventore repellendus illum.,2026-05-09
1799,1,Officiis aperiam consequuntur sed eos provident magnam beatae iste deleniti ad.,2026-01-02
1800,4,Neque nobis rerum corporis eius consequatur ipsam voluptatum maxime nobis neque natus consequatur nemo vel ab.,2026-04-19
1801,5,Mollitia animi corporis magnam aliquid fugit amet vel quia necessitatibus corrupti illum.,2025-11-19
1802,5,Praesentium molestias quia minus in ea vel architecto voluptate earum accusamus soluta molestiae.,2025-09-19
1803,5,Explicabo est architecto quo temporibus odit velit porro fuga magni esse iusto excepturi fugit dolore similique unde.,2025-10-12
1804,3,Rerum hic ab officiis est numquam sit facere similique.,2025-07-06
1805,4,Saepe tenetur perferendis quas totam amet hic fugiat fugiat saepe sed.,2025-06-02
1806,1,Adipisci expedita accusantium maiores facere fuga itaque ex modi nemo repudiandae labore praesentium dolorum atque.,2025-11-13
1807,5,Est eaque iure soluta sapiente aliquam deleniti sit assumenda ratione quod quasi ut repellat accusantium commodi consequuntur in quos libero.,2025-08-02
1808,1,Deleniti perferendis dolorem aspernatur asperiores odio aliquid ipsa impedit perferendis doloremque ipsum voluptatibus ut.,2026-01-11
1809,2,Quos veniam ratione ab temporibus modi atque ea voluptatem dolorum.,2025-07-30
1810,1,Ullam recusandae dignissimos harum reiciendis qui debitis ipsam odio rem impedit illo tempore mollitia impedit minus quibusdam vero ullam.,2026-03-10
1811,3,Adipisci quaerat tenetur nemo expedita sunt quidem molestias eveniet.,2025-09-29
1812,2,Sint amet at et dolore molestiae porro rem ex molestiae nam aliquid laboriosam numquam tenetur reiciendis.,2025-11-22
1813,2,Unde ullam reiciendis sunt voluptatem sit beatae pariatur sapiente voluptatem saepe veritatis earum illo suscipit omnis exercitationem beatae at a.,2026-04-26
1814,3,Ullam impedit consequuntur hic incidunt mollitia enim quos pariatur doloremque soluta placeat dolore ut libero inventore.,2025-11-20
1815,4,Nulla explicabo nobis cumque dolorem eligendi quo consequatur tempora natus rerum debitis fugit voluptas magni est officia minima hic est.,2025-07-02
1816,3,Molestias doloremque dolor ex velit omnis quibusdam dicta omnis aspernatur dicta perspiciatis.,2026-04-29
1817,3,Exercitationem beatae autem ipsam a laborum enim deleniti esse voluptatem neque deleniti.,2025-12-25
1818,5,Quibusdam dolorem nulla rem beatae quis asperiores praesentium sint nam sunt expedita.,2025-06-30
1819,1,Exercitationem veniam voluptatibus ut earum deserunt dolor provident et placeat libero accusamus ipsum ipsum adipisci iste nostrum corrupti occaecati.,2025-09-02
1820,2,Quia expedita exercitationem laborum nemo sed harum magni doloribus enim.,2025-07-06
1821,2,Eveniet assumenda alias et ex aspernatur tempore optio enim fuga consectetur.,2026-04-05
1822,5,Dolores molestias ab vitae sapiente assumenda iste tempora officiis fugit non blanditiis esse distinctio doloribus porro expedita.,2026-02-27
1823,5,Accusantium reprehenderit fugit atque ipsa perferendis fugit veniam voluptatibus expedita labore deleniti.,2025-12-09
1824,3,Tempora maxime ab nulla dicta asperiores laudantium architecto nulla laborum nemo laboriosam aut vero temporibus aut nesciunt.,2025-06-07
1825,3,Eius similique officiis eveniet quod molestiae similique fugit alias sit.,2026-01-05
1826,3,Nisi incidunt aspernatur sit amet ducimus tempora maxime architecto repudiandae est consequuntur.,2026-04-04
1827,5,Quae voluptatem officiis ad nisi adipisci unde ratione quam harum dolorum a accusantium ab perferendis ea quae.,2025-07-31
1828,3,Perferendis nostrum maiores saepe laboriosam distinctio adipisci laudantium reprehenderit dolores voluptatum.,2026-03-11
1829,1,Delectus dignissimos libero rerum nostrum eum ea dignissimos totam harum aliquid nesciunt ea doloremque distinctio sapiente cum.,2026-03-14
1830,5,Ea dignissimos vitae repellendus exercitationem distinctio vero iusto deleniti esse fuga deserunt omnis repellat nesciunt.,2025-12-30
1831,3,Corporis animi fugit aperiam ad natus provident culpa ducimus accusamus et ea praesentium beatae.,2025-09-17
1832,4,Enim ratione non sequi praesentium ipsa in quaerat voluptate voluptatem culpa facere enim repudiandae incidunt aliquam.,2025-11-30
1833,2,Molestiae officia omnis cumque maxime dignissimos sed non nulla modi nisi.,2026-04-01
1834,2,Error soluta natus cumque eveniet odit eius laborum debitis earum ipsum explicabo facilis aut maiores quod maiores suscipit perferendis.,2026-03-05
1835,5,Dicta deleniti laudantium incidunt quo animi aspernatur a cumque occaecati doloribus officia ut vitae laudantium ratione odit.,2026-01-30
1836,2,Debitis error qui dolor recusandae enim quod ex quos enim magni quae doloremque.,2025-08-10
1837,5,Suscipit voluptas natus consectetur corrupti sint dolor numquam deleniti exercitationem dolorum quidem cupiditate aperiam aperiam deserunt voluptates.,2025-06-04
1838,5,In sed velit inventore minus nemo natus quae voluptatem voluptas ducimus aut facere quod impedit autem.,2025-08-24
1839,5,Aliquid tenetur aliquam distinctio accusantium debitis aut consequuntur neque vero autem atque repellat nisi dolore deleniti nam tenetur atque.,2025-05-29
1840,1,Vel illum dolorem consequatur quia quia beatae eaque dicta labore excepturi.,2025-10-22
1841,4,Eaque commodi nulla laborum similique laudantium magnam adipisci repudiandae.,2026-04-14
1842,1,Perspiciatis odit quis aut debitis modi delectus temporibus provident hic.,2026-03-17
1843,1,Explicabo eaque nostrum aliquam deleniti harum quasi provident assumenda soluta sequi ipsam necessitatibus dolorum dicta.,2025-09-20
1844,3,Aut eos excepturi iste voluptates nam iusto odit cum fugit sunt soluta ex eligendi voluptates nesciunt accusamus nostrum nulla.,2025-12-15
1845,3,Magni voluptatem nobis fuga laboriosam natus libero necessitatibus hic nemo necessitatibus pariatur veritatis voluptatum voluptatum commodi tempora.,2026-03-13
1846,4,Enim voluptas tenetur itaque harum cupiditate vitae assumenda possimus ab consequuntur at excepturi laudantium totam maxime id dolor ullam.,2025-07-22
1847,5,Distinctio dignissimos cumque labore consectetur quod nihil illo vitae magnam repellat vel fuga molestiae quia distinctio at.,2025-11-29
1848,2,Totam animi perferendis illo sint quidem esse nulla sapiente dignissimos nostrum illo.,2025-05-25
1849,3,Placeat enim dicta accusantium explicabo libero optio ut perspiciatis voluptatum quo itaque nemo aliquam ullam.,2026-05-09
1850,1,Voluptatibus quis molestias non non voluptates sint error ducimus cum aut necessitatibus quisquam cumque aut exercitationem sit ut inventore.,2026-01-30
1851,2,Consequuntur voluptas a numquam maiores mollitia placeat aliquid nemo sit quas repudiandae nesciunt et reiciendis error aut.,2025-06-02
1852,2,Facere animi expedita pariatur provident perferendis laboriosam earum cum.,2025-06-05
1853,2,Porro tenetur quos ducimus suscipit cupiditate illum iste eum eaque dolor nemo sint eligendi distinctio unde id sed consectetur ad.,2025-12-17
1854,2,Iste provident eius facilis dolores necessitatibus praesentium quasi sed minus.,2026-02-05
1855,2,Quibusdam delectus recusandae veniam inventore sequi accusantium atque officia aut corrupti quos quisquam harum vel.,2026-04-13
1856,4,Quod modi non laborum cum non sapiente nesciunt accusamus ipsa doloribus sint.,2025-06-04
1857,1,Rerum placeat numquam asperiores exercitationem distinctio blanditiis amet perferendis expedita.,2026-04-14
1858,1,Dolores nisi a harum est officia iusto laboriosam exercitationem itaque quisquam dicta.,2025-09-18
1859,4,Laudantium alias beatae dolorem dolorem ab unde delectus veritatis nemo.,2026-05-02
1860,2,Earum quis totam architecto unde doloremque ullam explicabo nisi magnam nostrum voluptates quibusdam possimus culpa impedit.,2026-03-29
1861,1,Deserunt facilis sunt accusantium sunt nostrum voluptatum odit officiis est necessitatibus doloribus explicabo fugit exercitationem similique quae.,2025-06-20
1862,5,Libero dignissimos esse sunt provident eveniet quia error cumque maiores odit distinctio sunt porro rerum maiores eum.,2025-07-24
1863,1,Reprehenderit nisi quis necessitatibus quae nisi illo voluptate itaque mollitia voluptatum dolore.,2025-09-25
1864,1,Blanditiis non a placeat eos veritatis enim corporis ut veniam qui asperiores.,2026-01-14
1865,1,Aliquam est voluptatem magnam ab veniam suscipit accusamus id consequuntur odio vero officiis necessitatibus.,2026-04-20
1866,3,Aut accusantium expedita fugit non id reprehenderit impedit error iure corrupti asperiores tenetur.,2025-06-16
1867,1,Veniam ea et eligendi harum in officia quisquam nostrum inventore omnis harum occaecati unde harum maiores.,2026-04-04
1868,1,A ratione porro dignissimos consequatur nostrum natus rem quaerat veniam repellat rerum.,2025-07-19
1869,2,Cupiditate veniam pariatur laborum nobis harum eos nobis numquam.,2025-07-27
1870,2,Explicabo est itaque in commodi impedit aliquam distinctio eligendi veniam voluptate corrupti adipisci in sunt sapiente voluptas itaque et.,2026-02-18
1871,3,Asperiores quod quidem natus fugit architecto vel nostrum nulla deleniti quasi veritatis iste nobis tenetur magnam.,2026-05-09
1872,1,Incidunt accusamus amet provident quo eligendi quibusdam laboriosam saepe.,2026-03-10
1873,3,Aspernatur aliquid iusto ad sapiente consequuntur doloremque minus repellendus facilis.,2025-07-31
1874,3,Rerum praesentium reprehenderit possimus consequuntur numquam voluptatem alias corrupti deserunt ratione doloribus quasi corrupti dolore molestiae perferendis architecto praesentium.,2025-11-24
1875,2,Occaecati voluptatibus nesciunt quis iusto recusandae molestiae optio nobis ipsa voluptatibus harum ipsa.,2025-09-09
1876,5,Reprehenderit doloribus ab mollitia eos consectetur quo repellat quidem saepe eveniet esse placeat recusandae fugiat itaque dicta tempore culpa.,2026-01-20
1877,5,Fugit aperiam perspiciatis voluptate nam error necessitatibus numquam nesciunt.,2025-08-05
1878,1,Consequuntur cupiditate nihil aspernatur dignissimos quis maxime dolores officia nesciunt voluptatum tempore neque mollitia quidem asperiores vero.,2026-04-03
1879,5,Nihil dolorum deserunt numquam voluptatum voluptatum quidem eius vero amet eligendi dolores sit ipsam repudiandae nihil necessitatibus.,2026-05-16
1880,5,Consequuntur maxime voluptate officiis quis beatae quos assumenda fugiat.,2026-02-01
1881,2,Voluptatem vitae repellat earum animi qui quisquam voluptatem beatae tempora officiis doloremque dolores.,2025-12-30
1882,2,Deserunt accusamus tempore eum quae eos alias labore unde cupiditate.,2025-08-21
1883,1,Nobis commodi eveniet facere soluta modi minima assumenda inventore et maxime voluptatibus blanditiis eligendi quod.,2026-04-03
1884,2,Illum magnam rem autem deleniti placeat nulla recusandae aut animi debitis nobis aut excepturi quo unde perferendis.,2025-09-07
1885,4,Placeat saepe mollitia minima totam repudiandae amet eligendi aliquid deleniti quia dolorum excepturi quos voluptas.,2025-11-17
1886,5,Cum nihil atque earum aliquid beatae consequuntur doloribus inventore repellat id repellendus hic corporis atque natus debitis minus.,2026-02-18
1887,4,Nam sit maiores placeat itaque at asperiores nulla sapiente minus esse pariatur ipsam aliquid voluptate accusamus repellendus quia ducimus.,2025-06-13
1888,1,Voluptatibus voluptatibus mollitia delectus maxime velit dolor provident possimus saepe cupiditate occaecati sequi.,2026-02-20
1889,3,Qui accusantium quis est necessitatibus minus nihil corporis eveniet impedit error ut quibusdam quis.,2025-11-10
1890,4,Nihil in quam non doloribus facere aperiam aut facilis pariatur.,2026-02-03
1891,5,Occaecati dolor ipsam harum hic labore harum ut harum quam nam eaque.,2026-01-27
1892,4,Est porro perferendis consequatur odit adipisci nobis laborum minus quisquam ullam suscipit maiores modi nemo nobis.,2026-03-27
1893,3,Quos ducimus ducimus eveniet ipsam sed est quidem cupiditate ratione quos illum deserunt.,2026-03-21
1894,4,Corrupti provident nesciunt illum veniam voluptas nesciunt ullam veritatis labore praesentium sint architecto numquam aperiam animi.,2026-03-28
1895,5,Incidunt reprehenderit ullam doloribus ipsa aut molestias facilis mollitia dolor exercitationem velit quas ullam omnis rem.,2026-03-15
1896,4,Laboriosam quod unde possimus at tempore culpa impedit harum expedita sequi possimus aut incidunt.,2025-11-20
1897,3,Harum itaque excepturi quo velit voluptas reprehenderit consequuntur vel accusantium minima omnis possimus numquam quisquam deleniti.,2025-08-11
1898,1,Necessitatibus laudantium nihil delectus veniam illum facere sit consequatur itaque aspernatur adipisci quae sed soluta deleniti.,2026-04-11
1899,3,Reiciendis maiores ducimus aliquid maiores aperiam inventore quis porro maxime vero quibusdam reprehenderit dignissimos veritatis cum nobis pariatur libero fugiat.,2025-09-13
1900,1,Repudiandae commodi porro aperiam dolores tempore molestias repudiandae ab accusamus ab.,2025-11-07
1901,3,Laudantium repellendus in mollitia rerum ullam omnis optio accusamus tempora aliquam excepturi ex.,2025-10-02
1902,5,Corporis explicabo molestias alias qui reiciendis aliquid eveniet animi.,2025-12-15
1903,4,Quasi natus earum deserunt non architecto nisi nemo beatae quisquam quisquam in eaque quidem deleniti consequatur nesciunt.,2026-01-28
1904,5,Aspernatur praesentium harum ipsum vitae suscipit iste quae et nisi quaerat perspiciatis provident ut ratione porro.,2025-10-27
1905,3,Aut sequi provident odio iure molestiae quas perferendis eaque porro ducimus rerum recusandae quibusdam iusto facere recusandae rem iusto ut.,2025-10-16
1906,2,Eum cum eos reprehenderit aspernatur quia reiciendis quia quam.,2026-04-18
1907,4,Minus reprehenderit harum maxime nihil facilis ad dolorem nemo ullam dicta itaque ipsa eius quaerat error cumque aut eius.,2025-06-10
1908,3,Repellendus ratione similique distinctio voluptates quia molestias quisquam asperiores tempore accusantium hic est minus porro deserunt facere ipsam quibusdam dolor.,2026-02-21
1909,1,Laboriosam dolorem aliquid optio accusamus esse quod est omnis eligendi temporibus vitae.,2025-06-12
1910,4,Rerum voluptate velit aliquam totam eum vero harum in laborum reiciendis pariatur.,2025-06-13
1911,1,Quos iusto ut nemo asperiores sit necessitatibus odit voluptas officiis.,2025-11-02
1912,4,Sapiente reprehenderit tempora id in iure nisi fuga at aliquam quaerat expedita quas cum laboriosam id architecto voluptatem.,2025-08-29
1913,1,Nisi consequuntur ad iste totam nihil praesentium fuga ad amet ducimus earum exercitationem sed rerum fugit dolores veniam fugiat ipsum culpa.,2026-03-23
1914,2,Inventore reiciendis temporibus deleniti cum iste molestiae debitis ullam distinctio praesentium eum itaque blanditiis dolorem laboriosam.,2025-11-02
1915,4,Praesentium adipisci velit itaque a rerum corrupti quasi maxime non rerum consequuntur officia tempora laboriosam facilis.,2025-06-02
1916,5,Labore unde vel harum molestias dignissimos delectus blanditiis quis magnam culpa officiis natus magni mollitia alias laborum facere.,2026-04-01
1917,2,Ipsa exercitationem excepturi quibusdam molestias hic error assumenda possimus debitis consequuntur necessitatibus eaque modi.,2026-04-20
1918,3,Sed nulla nam facilis id corporis pariatur laudantium suscipit eveniet assumenda.,2026-02-11
1919,3,Laboriosam hic ea occaecati earum nam laboriosam laborum error velit quod nesciunt omnis aspernatur voluptas accusantium architecto.,2026-02-10
1920,5,Ipsa quod voluptatum reprehenderit libero soluta veniam voluptas soluta pariatur magni maxime fugit pariatur quos quas cupiditate ab placeat.,2025-10-29
1921,1,Optio sapiente iusto voluptas illo corporis architecto distinctio quo.,2026-01-24
1922,4,At quam similique quo exercitationem assumenda aperiam tempora perspiciatis doloremque maxime occaecati magnam sapiente numquam.,2025-09-10
1923,3,Quibusdam quasi optio incidunt ratione ullam ducimus saepe repellat quos aut accusamus quisquam expedita dolores impedit alias voluptatum repellendus.,2025-07-30
1924,5,Fuga sint delectus est qui ea harum tempore ex porro vel nobis quaerat natus vitae.,2026-01-04
1925,4,Ullam beatae molestiae consequuntur velit debitis reiciendis iure commodi dolor aspernatur amet.,2025-11-22
1926,4,Aspernatur eius maxime adipisci quisquam modi ipsam placeat repellendus ex ipsum.,2025-06-16
1927,5,Doloribus placeat dolor nam dolorem non deleniti voluptatibus provident architecto recusandae odio impedit neque quas ea maxime facere.,2025-10-28
1928,4,Odit minima harum maiores quidem dignissimos neque quos tempora magni quidem incidunt labore tempore deleniti amet corporis totam.,2025-09-04
1929,3,Sed minima expedita molestiae nostrum adipisci aperiam id repellendus nemo iusto dicta amet impedit ullam incidunt.,2026-03-09
1930,4,Quam ex tempore ullam nihil libero voluptates eaque error tenetur voluptas aspernatur quas placeat recusandae porro.,2026-03-29
1931,1,Neque cupiditate esse doloribus necessitatibus aliquid maiores placeat corporis.,2026-01-15
1932,4,Delectus quibusdam exercitationem atque consequuntur placeat explicabo distinctio magni.,2025-09-11
1933,2,Eveniet saepe quaerat pariatur cumque dolorem ab quisquam similique.,2025-07-06
1934,2,Libero fuga nostrum quibusdam dignissimos culpa quas ad doloribus quis iure quia dolores incidunt veritatis sunt est.,2026-05-08
1935,1,Voluptatum dolor quod repellendus voluptatibus consequuntur voluptates molestias optio explicabo ducimus ipsum ipsa suscipit.,2026-04-26
1936,1,Animi explicabo exercitationem cupiditate numquam suscipit eius exercitationem vero in corrupti earum at.,2025-09-10
1937,1,Perspiciatis sunt corrupti veritatis facilis magnam nostrum deserunt nulla porro accusantium.,2026-02-21
1938,4,Blanditiis beatae unde quisquam iusto optio ipsum animi libero nulla perferendis voluptate officiis officia sapiente error tempore repellendus error.,2025-07-18
1939,3,Eveniet nobis ipsa aut saepe fugiat quidem voluptatum reiciendis rerum distinctio perferendis consectetur culpa rem et quam inventore.,2026-03-06
1940,3,Nemo eius incidunt enim maiores provident rem reiciendis accusamus sequi mollitia exercitationem quae.,2025-07-09
1941,5,Fugiat perspiciatis possimus labore alias deleniti odio non harum delectus quia.,2026-04-04
1942,1,Doloremque quos repellendus ut maiores sapiente adipisci dolorum voluptate ut tempora quae.,2025-06-19
1943,5,Necessitatibus laudantium fugiat numquam est quae a quasi occaecati natus illo occaecati eaque quia.,2025-09-13
1944,4,Exercitationem corporis neque ratione cupiditate suscipit similique sunt voluptates iusto placeat vero aliquam.,2026-02-09
1945,3,Debitis voluptates facere consectetur cumque molestiae doloremque quaerat fugit quisquam minus.,2025-06-19
1946,4,Adipisci incidunt architecto ipsum saepe accusamus at iusto modi ea iure explicabo natus quam quisquam temporibus deleniti aliquid hic.,2025-09-14
1947,5,Animi illo minus quas facilis quaerat quod delectus veniam deserunt incidunt dolores voluptates amet porro.,2026-01-10
1948,5,Accusamus reprehenderit veritatis consectetur iure saepe aperiam porro perferendis culpa tenetur totam optio velit non.,2025-11-29
1949,5,Quod odio et tempore fugit impedit iure quo ut quasi ducimus nostrum vel.,2025-08-17
1950,1,Cumque magnam ab a temporibus accusamus possimus distinctio velit ipsam deleniti magni laudantium atque.,2026-05-07
1951,4,Dolores repellat deleniti debitis eveniet quam optio molestiae dolore laboriosam quos temporibus odit consequuntur voluptatum quam eaque aliquid.,2026-03-24
1952,4,Eius iusto illo iure voluptatum voluptatum ipsa aliquam officiis alias suscipit nisi sequi commodi tempore.,2025-10-05
1953,3,Officia eaque non dolores dolor veritatis vero magni neque eligendi consectetur voluptas.,2025-11-12
1954,4,Vitae tempora assumenda eum praesentium odio perspiciatis aliquid accusantium laboriosam libero excepturi eveniet veniam distinctio magni.,2025-09-30
1955,1,Quasi mollitia vel laudantium pariatur modi earum harum ut eum autem dicta molestiae.,2026-05-07
1956,2,Magni quaerat temporibus error autem velit debitis dolorem veritatis qui voluptatibus iste aperiam.,2025-08-11
1957,3,Dolorum sapiente laborum alias aliquid facere illo exercitationem ratione repudiandae laborum delectus neque aspernatur alias culpa harum.,2025-05-27
1958,2,Iusto in quo quas non nostrum a possimus error magnam nulla harum nostrum facere illo sapiente assumenda qui.,2025-09-14
1959,4,Deleniti neque sint provident voluptates et inventore dolor natus dolores nesciunt eum voluptates porro dicta vero neque voluptatem consequatur.,2026-03-16
1960,3,Nihil voluptates atque placeat blanditiis labore officia molestias dolor temporibus optio reiciendis vero vel pariatur cumque adipisci repellat quisquam tempora nemo.,2025-11-05
1961,4,Excepturi exercitationem quo amet dicta rerum modi optio provident quod fuga.,2026-03-28
1962,5,Voluptates doloribus quia nulla quaerat similique magni expedita doloremque voluptatem totam dolores assumenda non quidem delectus quam cum iste velit tenetur.,2025-06-12
1963,4,Quos enim libero saepe numquam deleniti velit magnam vel at optio assumenda voluptate iste atque ab eligendi cupiditate.,2025-06-20
1964,5,Sit ipsa libero eum quidem ea labore nostrum magnam odit ab recusandae adipisci accusamus repudiandae dolorem animi saepe.,2025-06-07
1965,5,Quam eius molestias accusantium totam aspernatur quas tempore rerum quo necessitatibus autem.,2025-08-04
1966,4,Sint sunt neque iure laudantium corporis enim officia quae veritatis eum asperiores quasi qui ullam incidunt nemo atque temporibus.,2025-09-22
1967,5,Quia deserunt totam velit numquam ipsam laborum aliquid voluptatum vitae aut maiores quia porro nobis possimus non accusamus magni.,2026-03-04
1968,5,Dolore minima consectetur quia expedita commodi iusto odio quod fugiat suscipit consequatur illo.,2026-04-25
1969,4,Neque harum sapiente sapiente sit quas voluptatem sit perferendis perferendis magnam odio possimus fugiat iste temporibus eos molestiae incidunt saepe.,2026-01-09
1970,4,Ipsam veritatis nobis tenetur laudantium laboriosam porro recusandae occaecati accusamus temporibus et quasi illum consequatur omnis dolorum.,2025-07-25
1971,4,Doloremque tempore natus eius quo porro unde quaerat inventore natus illo excepturi amet doloribus reprehenderit temporibus facilis saepe.,2025-07-12
1972,3,Quia quidem culpa voluptate voluptatum vel consequatur dolorum a.,2025-12-29
1973,3,Maiores ipsa natus cumque occaecati minima accusamus cum quae perspiciatis culpa omnis expedita quod sit.,2026-04-22
1974,1,Id quidem animi minima dolor repellendus adipisci nisi neque architecto possimus nobis quas impedit deleniti optio assumenda qui.,2025-07-25
1975,1,Quo eos aspernatur repudiandae est sed a molestias suscipit molestiae id commodi praesentium.,2026-03-19
1976,3,Eos minus et nesciunt dolores dicta fugiat ratione quam aliquid nulla aut.,2025-11-26
1977,5,Occaecati quod quo vitae debitis ab non cum optio animi tempora.,2026-05-10
1978,3,Consequuntur aut soluta id ipsum aperiam sint asperiores iure iure ab ratione quaerat.,2025-11-10
1979,1,Reiciendis culpa tempora labore aspernatur maiores non ut voluptate corrupti aspernatur autem nam officia adipisci alias ullam harum sint.,2025-10-16
1980,3,Labore eos vel laboriosam provident tenetur eius saepe exercitationem error.,2025-11-22
1981,4,Rem delectus dolorum dignissimos voluptates facilis asperiores recusandae quidem quia.,2025-11-25
1982,1,Expedita illum deserunt porro fugit doloremque illum est id accusantium.,2025-06-19
1983,2,Vel ea eveniet tempore et officiis aperiam necessitatibus impedit doloremque ea accusantium hic ipsa incidunt repellat quod.,2026-01-17
1984,2,Laborum numquam reprehenderit dignissimos aperiam reiciendis corrupti veniam eius vel earum nesciunt placeat et exercitationem ad accusantium eaque.,2025-06-26
1985,3,Quasi asperiores maxime aliquam suscipit vel nisi nobis ducimus quasi facilis quod dignissimos totam assumenda.,2025-07-24
1986,1,Error omnis aut cupiditate quisquam voluptatibus quod voluptatem doloremque.,2025-06-05
1987,1,Eaque iusto ad nostrum atque reiciendis officia facere ut atque fugit distinctio necessitatibus quasi corrupti doloribus veniam hic.,2025-12-18
1988,1,Nesciunt dolore sit incidunt laudantium quos beatae possimus tenetur cumque eos nemo autem magni quia.,2025-12-02
1989,2,A ad cupiditate dolores minus maiores tenetur voluptatibus numquam eaque blanditiis laudantium at.,2026-05-13
1990,5,Id placeat nemo ab nulla assumenda iusto nostrum totam corrupti dolorem voluptatem eveniet commodi quasi facere aspernatur.,2025-12-08
1991,1,Doloribus inventore quae molestiae itaque consequatur est explicabo repudiandae accusantium earum ut tenetur adipisci ducimus eaque.,2025-09-30
1992,4,Pariatur at rerum mollitia minus nostrum cupiditate modi consectetur eligendi molestias repellat atque deserunt consectetur laborum distinctio.,2025-08-06
1993,5,Sequi eligendi sint vero tempora odit ipsa dolorem voluptas cum temporibus vero dolorum sequi dicta voluptates nam.,2025-10-20
1994,3,Hic quia culpa dolorum eos voluptatum ut quod velit molestiae labore nostrum eius.,2026-05-13
1995,4,Eligendi at incidunt dolor eaque a itaque error quasi harum eum quidem dolor neque odio eaque saepe.,2025-07-26
1996,1,Quidem eius fugiat nemo nesciunt eum a mollitia possimus ipsum et repellat laudantium quaerat quos quia pariatur adipisci incidunt.,2025-12-12
1997,4,Expedita quae aut inventore cupiditate ad deserunt rerum ipsam commodi nostrum eligendi.,2025-08-04
1998,4,Cumque maxime nesciunt consectetur blanditiis cupiditate maxime quidem voluptatem dolores eum incidunt consequatur amet voluptatem sequi magni accusantium.,2025-12-09
1999,5,Odit sequi nisi maiores delectus voluptatum neque consectetur debitis beatae officia reiciendis earum corporis odio perspiciatis laudantium aspernatur.,2026-04-03
2000,4,Quas laudantium quod consectetur sapiente neque cumque assumenda accusamus.,2026-04-02
